-- MySQL dump 10.13  Distrib 8.0.34, for Win64 (x86_64)
--
-- Host: localhost    Database: webdev
-- ------------------------------------------------------
-- Server version	5.5.5-10.4.32-MariaDB

/*!40101 SET @OLD_CHARACTER_SET_CLIENT=@@CHARACTER_SET_CLIENT */;
/*!40101 SET @OLD_CHARACTER_SET_RESULTS=@@CHARACTER_SET_RESULTS */;
/*!40101 SET @OLD_COLLATION_CONNECTION=@@COLLATION_CONNECTION */;
/*!50503 SET NAMES utf8 */;
/*!40103 SET @OLD_TIME_ZONE=@@TIME_ZONE */;
/*!40103 SET TIME_ZONE='+00:00' */;
/*!40014 SET @OLD_UNIQUE_CHECKS=@@UNIQUE_CHECKS, UNIQUE_CHECKS=0 */;
/*!40014 SET @OLD_FOREIGN_KEY_CHECKS=@@FOREIGN_KEY_CHECKS, FOREIGN_KEY_CHECKS=0 */;
/*!40101 SET @OLD_SQL_MODE=@@SQL_MODE, SQL_MODE='NO_AUTO_VALUE_ON_ZERO' */;
/*!40111 SET @OLD_SQL_NOTES=@@SQL_NOTES, SQL_NOTES=0 */;

--
-- Table structure for table `accounts`
--

DROP TABLE IF EXISTS `accounts`;
/*!40101 SET @saved_cs_client     = @@character_set_client */;
/*!50503 SET character_set_client = utf8mb4 */;
CREATE TABLE `accounts` (
  `User_ID` int(11) NOT NULL,
  `First_Name` varchar(45) NOT NULL,
  `Last_Name` varchar(45) NOT NULL,
  `Email_Address` varchar(255) NOT NULL,
  `Password` varchar(45) NOT NULL,
  PRIMARY KEY (`User_ID`)
) ENGINE=InnoDB DEFAULT CHARSET=utf8 COLLATE=utf8_general_ci;
/*!40101 SET character_set_client = @saved_cs_client */;

--
-- Dumping data for table `accounts`
--

LOCK TABLES `accounts` WRITE;
/*!40000 ALTER TABLE `accounts` DISABLE KEYS */;
INSERT INTO `accounts` VALUES (2212173,'Sofia','Surro','2212173@slu.edu.ph','12345'),(2221097,'Kaizer','Gura','2221097@slu.edu.ph','12345'),(2223144,'Ezrha','Dangilan','2223144@slu.edu.ph','12345'),(2223451,'Leovide','Bato','2223451@slu.edu.ph','12345'),(2224512,'Ava','Narag','2224512@slu.edu.ph','12345'),(2226098,'Geoff','Dulnuan','2226098@slu.edu.ph','12345');
/*!40000 ALTER TABLE `accounts` ENABLE KEYS */;
UNLOCK TABLES;

--
-- Table structure for table `admin`
--

DROP TABLE IF EXISTS `admin`;
/*!40101 SET @saved_cs_client     = @@character_set_client */;
/*!50503 SET character_set_client = utf8mb4 */;
CREATE TABLE `admin` (
  `Admin_ID` varchar(45) NOT NULL,
  `Password` varchar(45) NOT NULL,
  PRIMARY KEY (`Admin_ID`)
) ENGINE=InnoDB DEFAULT CHARSET=utf8 COLLATE=utf8_general_ci;
/*!40101 SET character_set_client = @saved_cs_client */;

--
-- Dumping data for table `admin`
--

LOCK TABLES `admin` WRITE;
/*!40000 ALTER TABLE `admin` DISABLE KEYS */;
INSERT INTO `admin` VALUES ('ad01','1234');
/*!40000 ALTER TABLE `admin` ENABLE KEYS */;
UNLOCK TABLES;

--
-- Table structure for table `am/pm`
--

DROP TABLE IF EXISTS `am/pm`;
/*!40101 SET @saved_cs_client     = @@character_set_client */;
/*!50503 SET character_set_client = utf8mb4 */;
CREATE TABLE `am/pm` (
  `Event_ID` varchar(255) NOT NULL,
  `AM_Start` time DEFAULT NULL,
  `AM_End` time DEFAULT NULL,
  `PM_Start` time DEFAULT NULL,
  `PM_End` time DEFAULT NULL,
  `AM_Venue` varchar(255) DEFAULT NULL,
  `PM_Venue` varchar(255) DEFAULT NULL,
  PRIMARY KEY (`Event_ID`),
  KEY `EventID_AM/PM` (`Event_ID`)
) ENGINE=InnoDB DEFAULT CHARSET=utf8 COLLATE=utf8_general_ci;
/*!40101 SET character_set_client = @saved_cs_client */;

--
-- Dumping data for table `am/pm`
--

LOCK TABLES `am/pm` WRITE;
/*!40000 ALTER TABLE `am/pm` DISABLE KEYS */;
INSERT INTO `am/pm` VALUES ('10002','09:00:00','12:00:00','13:00:00','14:00:00',NULL,NULL),('10005 ','10:30:00','12:30:00','14:00:00','16:00:00',NULL,NULL),('10010','08:45:00','11:30:00','13:00:00','15:00:00',NULL,NULL);
/*!40000 ALTER TABLE `am/pm` ENABLE KEYS */;
UNLOCK TABLES;

--
-- Table structure for table `announcements`
--

DROP TABLE IF EXISTS `announcements`;
/*!40101 SET @saved_cs_client     = @@character_set_client */;
/*!50503 SET character_set_client = utf8mb4 */;
CREATE TABLE `announcements` (
  `Announcement_ID` varchar(255) NOT NULL,
  `Date_Posted` datetime NOT NULL,
  `Details` text NOT NULL,
  `Event_ID` varchar(255) DEFAULT NULL,
  PRIMARY KEY (`Announcement_ID`),
  KEY `Event_ID_Announcement` (`Event_ID`)
) ENGINE=InnoDB DEFAULT CHARSET=utf8 COLLATE=utf8_general_ci;
/*!40101 SET character_set_client = @saved_cs_client */;

--
-- Dumping data for table `announcements`
--

LOCK TABLES `announcements` WRITE;
/*!40000 ALTER TABLE `announcements` DISABLE KEYS */;
INSERT INTO `announcements` VALUES ('30001','2023-11-24 08:30:00','Bring a notepad and pen.','10001'),('30002','2023-11-25 10:15:00','Food and water is provided.','10002'),('30003','2023-12-02 13:45:00','Event starts at 9 AM.','10004'),('30004','2023-12-05 09:00:00','Dress code: Business casual.','10003'),('30005','2023-12-10 16:20:00','Networking session at 3 PM.','10005'),('30006','2023-12-15 11:55:00','Attire: Business casual for the guest speaker event.','10006'),('30007','2023-12-18 14:40:00','Access to event only with valid university identification.','10009'),('30008','2023-12-20 10:30:00','Live streaming available for remote participants.','10002'),('30009','2023-12-22 12:10:00','Parking instructions for on-site event attendees.','10007'),('30010','2023-12-28 09:45:00','Registration closing soon for the annual conference.','10008');
/*!40000 ALTER TABLE `announcements` ENABLE KEYS */;
UNLOCK TABLES;

--
-- Table structure for table `attendance`
--

DROP TABLE IF EXISTS `attendance`;
/*!40101 SET @saved_cs_client     = @@character_set_client */;
/*!50503 SET character_set_client = utf8mb4 */;
CREATE TABLE `attendance` (
  `Attendance_ID` int(11) NOT NULL,
  `Date` varchar(45) NOT NULL,
  `Series_Num` int(11) DEFAULT NULL,
  `In_Time` time NOT NULL,
  `Out_Time` time NOT NULL,
  `Event_ID` int(11) NOT NULL,
  `User_ID` int(11) NOT NULL,
  PRIMARY KEY (`Attendance_ID`),
  KEY `UserID_Attendance_idx` (`User_ID`),
  CONSTRAINT `EventID_Attendance` FOREIGN KEY (`Attendance_ID`) REFERENCES `events` (`Event_ID`),
  CONSTRAINT `UserID_Attendance` FOREIGN KEY (`User_ID`) REFERENCES `accounts` (`User_ID`) ON DELETE NO ACTION ON UPDATE NO ACTION
) ENGINE=InnoDB DEFAULT CHARSET=utf8 COLLATE=utf8_general_ci;
/*!40101 SET character_set_client = @saved_cs_client */;

--
-- Dumping data for table `attendance`
--

LOCK TABLES `attendance` WRITE;
/*!40000 ALTER TABLE `attendance` DISABLE KEYS */;
/*!40000 ALTER TABLE `attendance` ENABLE KEYS */;
UNLOCK TABLES;

--
-- Table structure for table `bookmarks`
--

DROP TABLE IF EXISTS `bookmarks`;
/*!40101 SET @saved_cs_client     = @@character_set_client */;
/*!50503 SET character_set_client = utf8mb4 */;
CREATE TABLE `bookmarks` (
  `Bookmark_ID` int(11) NOT NULL,
  `Date_Bookmarked` date NOT NULL,
  `User_ID` int(11) DEFAULT NULL,
  `Event_ID` int(11) DEFAULT NULL,
  PRIMARY KEY (`Bookmark_ID`),
  KEY `UserID_Bookmarks_idx` (`User_ID`),
  KEY `EventID_Bookmarks_idx` (`Event_ID`),
  CONSTRAINT `EventID_Bookmarks` FOREIGN KEY (`Event_ID`) REFERENCES `events` (`Event_ID`),
  CONSTRAINT `UserID_Bookmarks` FOREIGN KEY (`User_ID`) REFERENCES `accounts` (`User_ID`)
) ENGINE=InnoDB DEFAULT CHARSET=utf8 COLLATE=utf8_general_ci;
/*!40101 SET character_set_client = @saved_cs_client */;

--
-- Dumping data for table `bookmarks`
--

LOCK TABLES `bookmarks` WRITE;
/*!40000 ALTER TABLE `bookmarks` DISABLE KEYS */;
INSERT INTO `bookmarks` VALUES (1000001,'2023-12-15',2212173,10006),(1000002,'2023-11-27',2223451,10003),(1000003,'2023-12-17',2224512,10008),(1000004,'2023-11-14',2223144,10001),(1000005,'2024-12-11',2221097,10010),(1000006,'2023-12-15',2226098,10007);
/*!40000 ALTER TABLE `bookmarks` ENABLE KEYS */;
UNLOCK TABLES;

--
-- Table structure for table `evaluations`
--

DROP TABLE IF EXISTS `evaluations`;
/*!40101 SET @saved_cs_client     = @@character_set_client */;
/*!50503 SET character_set_client = utf8mb4 */;
CREATE TABLE `evaluations` (
  `Evaluation_ID` int(11) NOT NULL,
  `isAccomplished` tinyint(4) NOT NULL DEFAULT 0,
  `Date_Accomplished` datetime DEFAULT NULL,
  `User_ID` int(11) NOT NULL,
  `Event_ID` int(11) NOT NULL,
  `Evaluation_Link` text DEFAULT NULL,
  PRIMARY KEY (`Evaluation_ID`),
  KEY `UserID_Eval` (`User_ID`),
  KEY `EventID_Eval` (`Event_ID`),
  CONSTRAINT `EventID_Eval` FOREIGN KEY (`Event_ID`) REFERENCES `events` (`Event_ID`),
  CONSTRAINT `UserID_Eval` FOREIGN KEY (`User_ID`) REFERENCES `accounts` (`User_ID`)
) ENGINE=InnoDB DEFAULT CHARSET=utf8 COLLATE=utf8_general_ci;
/*!40101 SET character_set_client = @saved_cs_client */;

--
-- Dumping data for table `evaluations`
--

LOCK TABLES `evaluations` WRITE;
/*!40000 ALTER TABLE `evaluations` DISABLE KEYS */;
/*!40000 ALTER TABLE `evaluations` ENABLE KEYS */;
UNLOCK TABLES;

--
-- Table structure for table `eventlinks`
--

DROP TABLE IF EXISTS `eventlinks`;
/*!40101 SET @saved_cs_client     = @@character_set_client */;
/*!50503 SET character_set_client = utf8mb4 */;
CREATE TABLE `eventlinks` (
  `Link_ID` int(11) NOT NULL,
  `Link_Name` varchar(255) DEFAULT NULL,
  `Weblink` varchar(255) DEFAULT NULL,
  `Event_ID` int(11) DEFAULT NULL,
  PRIMARY KEY (`Link_ID`),
  KEY `EventID_Links_idx` (`Event_ID`),
  CONSTRAINT `EventID_Links` FOREIGN KEY (`Event_ID`) REFERENCES `events` (`Event_ID`) ON DELETE NO ACTION ON UPDATE NO ACTION
) ENGINE=InnoDB DEFAULT CHARSET=utf8 COLLATE=utf8_general_ci;
/*!40101 SET character_set_client = @saved_cs_client */;

--
-- Dumping data for table `eventlinks`
--

LOCK TABLES `eventlinks` WRITE;
/*!40000 ALTER TABLE `eventlinks` DISABLE KEYS */;
/*!40000 ALTER TABLE `eventlinks` ENABLE KEYS */;
UNLOCK TABLES;

--
-- Table structure for table `events`
--

DROP TABLE IF EXISTS `events`;
/*!40101 SET @saved_cs_client     = @@character_set_client */;
/*!50503 SET character_set_client = utf8mb4 */;
CREATE TABLE `events` (
  `Event_ID` int(11) NOT NULL,
  `Event_Name` varchar(255) NOT NULL,
  `Event_Tagline` varchar(255) NOT NULL,
  `Event_Description` text NOT NULL,
  `Event_StartDate` date NOT NULL,
  `Event_EndDate` date NOT NULL,
  `Event_Type` varchar(255) NOT NULL,
  `isOpen` tinyint(4) NOT NULL DEFAULT 0,
  `isPublic` tinyint(4) NOT NULL DEFAULT 0,
  `isLive` tinyint(4) DEFAULT NULL,
  `Participants` int(11) DEFAULT 0,
  `Event_Pic` blob DEFAULT NULL,
  `Event_PicFilePath` varchar(255) DEFAULT NULL,
  `Evaluation_Link` text DEFAULT NULL,
  PRIMARY KEY (`Event_ID`)
) ENGINE=InnoDB DEFAULT CHARSET=utf8 COLLATE=utf8_general_ci;
/*!40101 SET character_set_client = @saved_cs_client */;

--
-- Dumping data for table `events`
--

LOCK TABLES `events` WRITE;
/*!40000 ALTER TABLE `events` DISABLE KEYS */;
INSERT INTO `events` VALUES (10001,'Academic Odessey: Exploring Minds','\"Navigating Knowledge, Exploring Minds\"','Embark on a journey through the realms of knowledge! Join us for a day filled with captivating lectures, interactive workshops, and thought-provoking discussions led by experts in various fields. Dive deep into the wonders of science, humanities, and technology, fostering curiosity and a thirst for learning.','2023-11-26','2023-11-26','OneTime',0,1,1,45,'','',''),(10002,'Cultural Mosaic Festival','\"Celebrate Diversity in Unity\"','Celebrate diversity and unity in our vibrant school community! Experience a colorful tapestry of traditions, music, dance, and cuisine from around the world. Engage in cultural exchanges, participate in interactive displays, and embrace the rich tapestry of global heritage that unites us all.','2023-11-28','2023-11-28','AM/PM',0,1,0,67,'','',''),(10003,'STEMpalooza: Innovation Showcase','\"Innovation Unleashed, Ideas Ignited\"','Unleash your inner innovator! Get ready for an exhilarating exhibition showcasing groundbreaking projects and cutting-edge technology. Dive into hands-on demonstrations, competitions, and presentations highlighting the wonders of science, technology, engineering, and mathematics. Explore, create, and inspire the future!','2023-11-30','2023-12-02','Series',1,1,1,59,'','',''),(10004,'\"Future of AI: Ethical Implications Summit','\"Shaping Tomorrow Responsibly\"',' Deliberate the ethical considerations shaping the future of artificial intelligence.','2023-12-10','2023-12-12','Series',0,1,0,95,'','',''),(10005,'Quantum Computing Conference ','\"Unveiling the Quantum Future\"','Delve into the revolutionary world of quantum computing. Engage with experts, witness demos, and explore the potential applications of quantum technologies.','2023-12-15','2023-12-15','AM/PM',1,0,1,63,'','',''),(10006,'Artificial Intelligence in Sports Analytics Symposium','\"Elevating Play with Intelligent Insights\"','Explore the transformative role of AI in redefining sports analytics and strategy.','2023-12-20','2023-12-20','OneTime',0,1,0,84,'','',''),(10007,'Sustainability Summit  ','\"Empowering Change, Sustaining Tomorrow\"','Explore innovative approaches to sustainability and environmental conservation. Join discussions, workshops, and presentations on green initiatives.','2023-12-28','2023-12-30','OneTime',1,1,1,52,'','',''),(10008,'HealthTech Expo   ','\"Revolutionizing Health, Empowering Lives\"','Discover the latest advancements in healthcare technology. Experience demos, attend seminars, and interact with pioneers in the HealthTech industry.','2023-12-29','2023-12-29','Series',1,1,1,61,'','',''),(10009,'Business Innovation Forum','\"Where Ideas Meet Impact\"','Foster creativity and strategize innovation in the business landscape. Engage in discussions, case studies, and workshops led by industry leaders.','2024-01-05','2024-01-07','OneTime',0,0,0,42,'','',''),(10010,'Music and Technology Conference','\"Harmony of Innovation and Sound\"','Explore the intersection of music and technology. Experience live demonstrations, discussions, and performances showcasing technological advancements in music.','2024-01-10','2024-01-12','AM/PM',1,1,1,76,'','',''),(10011,'x','x','x','2023-12-19','2023-12-19','OneTime',1,1,1,0,_binary 'iVBORw0KGgoAAAANSUhEUgAACDQAAAg0CAYAAABMVLTJAAAACXBIWXMAAC4jAAAuIwF4pT92ABAAAElEQVR4nOz963YrOa41Ck4wQpJX5v56jH6DHv0k/Wj90H121bKlYP8AJjDJoGSvzKys2mebrsplSxG8gCCIO+z/ff3/dHy37/ZvagZDx/9sFDQYzAy9d3T0v2RNcx+rvwEsx1mNr883NPT4+WwOz8b47L0ZHqt+GgzNGu79kc+w6XsA0KzBYDj6cZq7wbDbho6ORz9O/Txbl47zao2bbf5srKdZw8V2PPoDj5gP58d24JjGOs9tntOlXXBtFzz6A/98/Mw5zbBZra1ZQ0PDZhse/R5wGp/jGJzLMc3HzEbY9AMW/T7wAHoHzPJfwqCj4+hd+vDRdA/nsTif23bLfj76B+79AXSHn8GwWQNgCU/uA9fVrGG3DYDh0R85TrOWz/D5YV4mMO35JYDY797xwBFn5cDRC+c45mYb7scD8CeGZ3zuG3bb8OgH7v0OS5gduZ4NG5o1n3us+dau+Dg+cKCj9wNHwLFZw//Zf8f9eOC9f6D3jmYGwHBtFzQYfh7v6AA2a3g/PvDoD4FH7VOzhmu75j4/cPi/AT+uY7cdm23YrMU+H3g/PnKvG1qOoefIAGy25zy4NoU7n++951zYF7+/tB0fxx33fh/2FQAaGg4cuLYLdtvx349/JG0jfBVXiN2H4GWzht+33/DzeMf78V5z4vNmuNoFl3bBfz/+kfil3xsMDYb/2n/Htd3Q+4H/Pv6Bfzz+iRY4fvQDH8cdmzWYGT6OeyIe8fjoR46/WUPvHQc6dttxBM7wez1PP7a3/P0fj3+eaJrS35nWbbbht+0Hjn7g3h949Ac2a3j0I8+24x77cJhutuHaLk6TccT7dxgadtuHM8G94H4h9gQJuzqrR5y5Zha46PfVvT8S3y5tx8/Yq6td4JTOYfLARP+FLvXusLy1K8wM/3j8E4/+gAG4bTcYzHG1P3xnzPBf2+/Rr99RP4/32KcRjwpni5yQAje0xPujH2hmaLY5je5OizZreTaJf5w75z/vJTrQjPig9LfO1UiPGn7bfvM797jjn8fPgUbrXrIf3rd6p79tN6fXx93vnTiTBuDeHyO9jfui59wL+4jzuVfTnU66OMK35mFm+NEK938ePwNnHF953tuEz45DF9zaFfd+R0fH+/GRY977PWhrS1ggrr6LFc5b3osI3mOcq9PYCwDgZleYNXz0D/z3/b8FBob/2v4LP493fPQP/Lb9gMHwfz3+O9dI2BS+Ow32tVhgf889Jv13GuM4sduGhg1mGGBxsR33uDfrrLfEVa7jt+0Hfh7vADoudsGt3fCPxz/ws7/n+lf0Rvdt/ttg8P/5G+Sltrhbj/4I+rdhN78HHkEHODfSBKDDgvbnPlvDrd2SNj3DNZ2ztkvb0Xt3nF6cdcLmEnvSYD7P7vcV+aYTnwUbYM2zSrzmupw3GOHWAdyP+wmWxCXyIHpPKnzJlxSNOfIpvfeaGa7t6vdWwC7v7zjPM28/rsv5EsBx0WCJd6SRXMMWtJBr6B3DneHn8JErVjwjneU5GOEMwPxuVvq44kW132F/4765tmvybv/X47+Hu/EZ3hPH5zGJszxzX5mH9reS3fQ8KS59dY6v5MH5/Tpz3ggLgHKInfjIumNw2sd5Xvms0Hmdg94vepdwLeQVV7LnZ7JeweQ8z1lunFtDG+QIvb+HdVp9v+LJXvFuhIsBg7zxbB1zezXOZ3B51a/2rd8rvz/rA1Qem98njpGmDXJBfDfzOKQ5o8znMgTvS+LIgaNoZFeexOkjeU7yqz3Hdd5NZc0TfISOz2uaPwdcD2LCC6XsGvJ3Ph88SQuZ2PnV92Hs1JPgGGBzmuN8plH8Kj9r1tBDj/AZfqy+n/nG+TOgeAzeGUqnAwjJZz+DJZ8nXh1PaE/BqHhb8DzKnaaw3NCQGicZ71dhsfpc70uFzWfnkDye4rje3eRX/W8ED/5EFzbdEyq/ABje0Ge1Ub55dp/NMGBfbLOcou0ZHXS+CMvzxDnNd5rizQruq/bsO71rdU7HgsbN52roZ5ALRx3nckxpu+0pr30F3z5rRXeLjs5nadXvs/NsIM7U+6/6mftb4dpndzBQOquOI3jlen6WObXPX4HVV9oznOJ3K/xc8URsz+7qFY/52Zz+6rX+T22/ekb+7Fhs3/D/bt/tr2/b/3P7f/1//92T+G7/O9urC/9f0d9fPR5bg7nQIOP86lgnoQulEFw9Oyt5XvU1MzFfuUwp0L5axrM1KoP7jIEyGPa2D4ZqFUqfCchzXyl4A6Px5ZP1bebK4lnYWO2dmmFqjsGOmigwJkWVdrBSbs3wMLgyZVa+83uu/dn+AkhDy0qIKiEeQ1+77WmwnB1G9uYG99wnK1w/+gEYUglR8PHRXBkJNGxPcS8N+9awtS37zPmJYh44G6gBKoRGo4or0RsB4EJOazkLzrWhoVspK67timu7oMMVH49UaJUBwhWXfj4PPKBKOe5js4arXVKA4jrpzOBrM9zazT8HnQJKGD/QATkTMHeAAJDKtg64M0MY4j66G8qv7Yq9hUMFyuHArIxIR6cw7DA5ZA31PNDirPh+lZCbRk/U34kH8e4DJWzT+KOKSDOHldtJaNBq2d9v2w9c2gUf/SP2cQOVLomTVHqZf7bZhku7JAXVvdvbBj2KdDCgAd63dTxfhO+jP9ANaYRSOgxwL3s6R3BvnNa4MdMdR8RoHbBIXKYxMfZjQ8PeLvFXL6cAWdeBI50e1LlkpqWkL0qbO9xgR6MvYUIqkPgQjh3N6iwf/cAe9OreBX+DXtAQiE4noD3XoapBmI9ZePkQZ4BYibXc93QM69yqHkq1NtIXcd7ZsKFbqTYe/VHnwizgFtgi2/9juyUdSQWPAXvbQQOqNtLTrbmDgp5d4rwqihzevieXtsezoyMB4dr5C+osO73YxIHOafaZJgGXdsW1XXE/7njgkbiy24a9bWlQ3kOh73h45NkhrDbUs46/Rzp56LiEPeKObGYJW/bDPVkpck5KG44g5/OBA5vt+AhHk4KpOy1c7JpGfL3D6ZC22Yaf/T2dTICe+2Y2K9F934k3H+EMocpkNr73QDkPFA4geQ/iM+mb4+b4DlBGytt2S/7gGZ+VBhHB446OS9uDftBQU0Z7pf0DrxMKzmu7oqHhvX8kbqoydaVsM9jJ0ExcIs1NHJH5c1yD4+bVboGjl6JvsjdOW+KuRRma6VBohqJFi6b0UT9LHmrBTCqMAOSd/gjnp7xPe/W34vHVOExDBdvedlzs4o5meITT3+gYq73quzO/OhtjBkeZGc/9Rf++n51RP+Pt5/FpJExeYeITlDecacfeNgilOY3DGa9kFYVLx/O9nOfBde22OS0OXP/oD3doQ9Hm5C1Ij6e1zWPOfPBq7rMc8orfH94RI8BXFaarvle4qi3vfxRfW+873VGey4b3xrM2nzmFh/NF0atNY0x95b0q9yB7V7ny2Z3yDCar+x0YHWuH7/NswHl3myCa52ptwFvNZbMtQZDnVQ35WM9lnvMso6xoNpv2udqjr8x7ppHzXPRcKj6QJm624SJGu+zDzuM7PxHO73RChMNM+TCDJSyLDul+15nUk0Rn9Ivw83SknWFbfc24Vo3wVd4KxjugD3IuHcod3xHBGwgnr+mcC7/wqq32dPg74GnhQLG1JvOg8wiE5k1BAlyn1Trn/k/zkc9220s2n3EznL2VT6CcvKKv87izfoZOIiuaOUsr2vc8/+Udv6ATM22f6eH8u9LFwREA4uAygZ59Dk6SGGE/3xPz/Gee6NlnqzbDvYmstOpzfm/Fjw2/r/DnSZ/6jPIu832t78778tm6vb+2XMvq2ZSL4Ods5k8+u5foBK906um8Fji17DPhs76j9N35ftAAIh19yZM+gYvyCobne/jZGsmfZZCZjXRhXvNXeaWvzOWzfhPGJ171eRDiZ+PqffXd/v3tK7zRd/tu3+2vb98ODd/t39q+Ihz/p49VZpI/zlCcBfT2ktl6xow/Y/j+yNxK+D8zwMnYWsuIr+U65L25n81Gw/sfbUvBzDwbweo7Kh/n1k5zL2/lfCYZd3mesohbZQd8+CVhwyTadoGmnwk5iJnSyUKFMX0+FdqxtNmgMO4lhWYbnAtUKcB/qbSmUoi4o44j85qphGwRoUxDYEcv+Oo/VsITvfRLmVHRJDRus2mUtCsaUXMXWXK3Ddd2TcUNjc80vF/tgq3tIUzS8HgMOLBT4RUKWY0GmgXla2TM8CgUf+KRzgpqFCh6cIRJit9/hEGZkZQ91r6hPP59rGvC42I7zDya7YC/o04dhN1OI2ucV87N4T8K07NiZcalNBpaKep8HoR+KTkZlXMJI5ZHUiOMjrVvfNZhvIUg6xkr3tpbwoQb7MpJp695fHsXY7edIu2ozORYw3lKOtLx1m6AeRT/vT/CoLpH1pVjMIDGK7LHFXFHusO9pFI2lfaTQcudB+4jvj/BN81oQkcSd0hiVG3BU1uzhtt2jbHr5JdBk/hThoY0yltF29H5TFTFAadLZT3BI7OP0DmF/WzhoEMaz0g5n68YNzTqyEywC+GE8RiUvqmghaUhxQC8dzf+/+zv6fwz36czPtzaFcDk6PPkmisnH4nQWTw8GAWC3h39CIeclpHWhNGWZ0Fot/lsH/3Ae0TW723DW3uDwfDR79iwwcIhRSMG6cxCQ/squlT3VZWHzOhB2sbmzhLTOhd38OpzvXuID3o2nb40PKaz0azhR3tLuvKz//TMHUHn5rUM8O9+x330u4/VC7ff2i2N6au1HIGnLe5IWJ1jxROnIT2jjNVx1cxxanbOSCWtlWKLdyeV4IZy1iMd4vd7uzgfIPNVI0pG1ptHWz3gmVceeCQt1zUPis8Yf+YPySfsiatHOmDMyjni1L0/8LbdcODAj+0HDBUdHpQxYUP+4+g9nW1GVetz3m7me0m7FLe1DXyekX8TRbiNPNAJNyAZUeReP8LRhfzDj/YWcLgLrBH8D0598/402MlxKB0pXohDpKsz/0reSNtTRfPAh9a9TScqh+facEw8+Czyk/wesznoeeBdpG21h6f+Yu7qsMPzlX1LF8zaRv5s3S9O86EcxDXMcxzWAxoxtuUYSXdlYr8q765kRfapzknP90POE56fff1Xs/wAI81b7d1qZOVzfG9ExrO1wl/XOsPsFb6N8zxf7UOfNn428sNt8fZ5LjQuz3yByo2fznWgu2tZTNvMy3PvV2MODr7S37C/WNNPPj/MSfhQOm6n8Tru4ZmetXBg76iMdjmK4qA4Mfgw405TAgEqsrrmxHn5PV68V1/M/wx3jp/rkLuTsrM/O8pVm3k2vd02HL3jjnvQZn9mzsaj+/aMFujveq71HLVW96HT1w3MSpUGapEbV04Kp7kNcD5/nt+HI8Mrx4xmQZNyDn1Yx6vzMcAi+pmzu+X9Zed5J23+hL4O/JvggsrOq7M5z0HhqIZmlQVW73LOfp7r79V5nQOzlrB6st5n5zr5yMVr83p1vtrH6r1nNO+ze30113kdX+33NHcjhVjDbIVzjgvr6Ppnc+T6ifHqLDI8s8Bf1YOt7hlAnKFslCk47+X6zU6fvVrDaZ6wQVZY7QOxYYVrq+YZLPrQn+7FZ3N71Z45NH7WOOpmO2DrDFL6rH73qs+v8Cuv3v+73/0zY/7d7X/SXL/bd/vf3L4dGr7b/5r2qxfTv+si+8q4KijN7xXD+zkj9Iqxe6UAAhARt2I0GhSJr8eUQdIIo2N+RTD5rG9Xno5CLjCWr+Df+W+8norEgKNGDfGHxjk3pOEkDH6Fmb82T998xyMNCirIM8XlszXO6x3Waudnhu9oEBbF9W57Klp8X1vimsGGyFxtjIJm5CdBsaFl6uJx20ehhBHej17Gyln57vPbUgGsBjRVcK3EoVSOR8TxHqnqBy/0wMNZ+cn10/GDKSsBjAbz7Ici7ZwKkvjNcxrGIVTpiD6tQJUWwFjKRAXZOTWgC7rhsBAR+J4y+S4OEWO0JOf52/YjI1qpiKTx8Y4ytDFtMudilOalP11DGoZSAdhdMRiKyM12HGGc7ACudsHedvzj8U8c/TE41GQ0K3F8ooc0lD36A2Mq+B57WBEFfI84SrrB5inLmV2BawI0+gXwCHiW4Lj3e4zrM/qIqHgve7ANc9WzCiANPaOyq4Thwp/xXK9o50n4t8rSoJkY3GHhFvt+CP3R6LE9Sqg8RNkbit8pS8tscOnWS2krGVEu7YKruUGVJVYYAY88d56V49qumTa9nIlKeV1ZHFQhRnDJfi4oBBVMjlPlPOHpjsc3eH/szPIjNIR4tRlLKcUErO5FvXdJ52gkdpw6ErdJi6gULJroK0qHBVGCN/NU+3SS2NsehvgPEP9JZ39EuZGP7imZmVHk3sfyCR2eAWUuCfOsFd3yfaHy/+iemv/S9mn/RpgAEYloMj6hGbjL5yqrydnRhy5IG5pnVwGNZz2irUkv9ijHhNwH4jEN3+4gcT+V1Pg/2+/Y2oafx8+TEaQi6NgHs0CMCmiHr69HSxLRSTJ/x2jE4R3QzHC1q9ybnilEeSsqQWdDNUvHdBSucyzNBkN84+fuqDJmFXiJDxCjI+q8XNqeY7vxbswCk8415pkiPvpH0Fh1IAnjyjRuGg4WaY3V0adgaun0xZJJzdzJZ85+w35GOs5U3Wf+Qd8tmPbT78/4tWu7ZFkgfu58l2e3ig8HOnNrV9zaFcyslOOb9l+j0kF55cgAMK2+BTpXBL7eS2xeeoisZg+Hn1irIe7zcRSnZGMpjs9awkv4NJVLIDDW51eyE38njFSuoWGW9zhb7eG4j3O/z1rROH9jNUeuxzNWREmkRd+GKimijgIzjZ0/ezbfz/5etRV8Zz6ELR11p8wSgxHlyZg6/xWu5nPp2CC//8J6Xj1POjaPPvNcM05s1k7333iSZF9sPiVnXlD7+ZWmGZSGcY3r6rqSHOsZ76qNc2p5B52dKXwOC/xLmqlwk/FKjBoMcSu+TvE95yrrm5uFo5ffrn7mmCWHTq3pTMo+hFZQZpppvfI2MeEcnVnNNJghcdvqXJPfPJe09FaZHEZ8O9GBydA5t3R8DpR0B+uHy399VVJzTU9VJ/RKPzSfdTqTDXPGiCeb7YNjgMJ4xjPlnea/gbEsgI5B/pV4SBmBxn8rAeP0bjk8KLW2pZPDDL9TfzaW5tPPV3TyGd6t8Z3y+5qWzviyouXze7zDL7YDIg/+EXr77J1RdqinV328Gnt1X72ax7i3X2+zEZx0Y+Yb5rMzz13vBaXXz858jg/Kgu3Ee61g4KjNcZU7OTc+u8p2Mu7OzGdN8MgxJliHLPksMGqcS8358Ymjz6qvr+7rK3x53XgPjfs2j//sfvqf0F7tza/C+c/O49/5/nf7bt/t72vfDg3f7T+m/asvj5NA+ZXn/+IL8a/ok/3MzKMKPJ8x5/rvrzBN+q6ntN/xwFpR+qxfCuf5t3kENBXBr97bQ8m86n0lCOh3ul59myk9z7W/KTRhEPZSoDMae0tgTQeAhRLLBUfXENCo4wKuG28/jo+MNpiVpM/Wwr+XguoLIVbhNb/jkfhMaY1c66HGxqmfIUsHYRWRihe7pHH5BJNJUE5FupWia8uaeP6zhwGkhaEsDYDS6Byie8axfb/7YBQFPP32JaPpP+Lz2NtUjDne//P46ft1EkaQQiAFsHH0MkJyh5m6tAMnw4srlip6mEYk1CdLuuZ0ITDTfM17GD0eUY86U6dKilaAqUwZPVwpbgdB1bReouN97yOmEd+fKUoGQV4Myl4Tu+HH9obdNvzz+Gc6fZQTig1pR8Hf+RMKSYMrUy5tL6WV4BvXxeeetRT8qZy1Oj387RF1MGFIh4Ys0WGViWSz3Uc3H/v3/bcwNs9jdsG7OlfNPBWr0hmHNZWWI73SVI5+rjaZdaUcP3Ck8pbj8UXi8iOcYQwsjYKz0UkUsooLR5zrR2R5aNbwX9tveODIVN7MREHczLn1cMKJsz4rKkijfEz/hhkomFK/aOqoEOT+dp4TK/oyK+IMwN4u6dTE+4/PU0l9aAmLGGuIspK5VDkfoRlR3zfPHJVXaZyJeZsb/i/NjdfMWHFr1zJkw50v3qMsA+kwjZcWSvJbu2KPjCLvklo958yaw8TNiX5rK5wjDS9DPrOnON2BRFRaKW55H9v5Pr+EgwYNu6t7Vu9PQBRhcW4zW0rg29t2870Mg/GIKzTK7JNzFNJpwWBR7mdUMta9H8pddNzxCGeJfoIfnRkStkSKWHen4wu8ZBdLRuy248f2A0DHR7+7AYL3XSsHQGAsv6DGvo/jPq17pNiqyFYHOt3neR+G6DA5z8TtzVrctcg9p6PBAbnXo5vdvB56goX0zyzvfJ01HfEmk0LynE5LHjk/OqQNJVVw5H/1/fN6fT4eSTumSPf+i2d81Wa6Wa2f7ok9+Oa5/A1/f+AImvs48aSkK/zdzJ1imNlEDQbD/MwkcxXC4WPhXG0skWXhsDXer8eCb/N3X6dSllt+/NR8JcCUWQFnGvGqrdfLfgpeK/i84m8TD+D4ze+1/NbsksO+iduE2Tw2aUzSXeF/eI/XjT/O8Rk+VlYl3iOQNNev22cwHlvHCRNsRdcpOcn5MN74z8csvt/PyWC8X8hqrxrhrLSQn8/P6f7O383ZtJJXwROD4VJvceb5a45nJ4vV/Pw9va+edg/gta5gBROe4HJGXrwv+zH0MfORPR7tPfe7xusDH8HXeR66I0/NLkWBiZ/hu1ZZde7iQAZUSnM6//JslqNyvU+HOQ2IYP+nu3XSMYww7CEDtXQizHsv9CH+PtOszyCW5+J70jTeS4pjW2QqdDmxhTyjNFWhPDbl/IS9yLOn8+Pbq3sG8p3Cg0+2Fg5mmrGKZy7+dmfNNr2/1qusWj23PuvaT50nKSdgq8wqfHPdnt258z3Gz6vP892o+KxlTE7jcaP6E6eHhXF9NU49X6UTlc8mhmKa5zM46HxXzyrMzc66Pd3vp3P95O9xHAOdbU5OYMBi7PqpjDxjCYSnPI6d5zvffduQV218l6UslObk2evnUmIvYbC8f8Y33JHes4DSeVbnM2fyqTmd7475PPtn63U+m/sKF56t9Vf4w9McZH/nTH/Pmspf/F13Uu/Cz87Jn2n/yn5XdEbbV3muPzr+ag5/pB/997t9t+/2n9u+HRq+27+1/Z0XxjMG6LN3/p3j53sTs+PC4qj0+xWlzIoB1+8/e5+jtjA8ZV+9GEkq7lZjaKQfMWCV6nyek8PPhvrQp2ftvDZnOA2aan5+LgUuUQpKBwvG96x+ZD+zwrOZ4dKueNtuuNiejK8aZu5ioJmFIRqe2F7t2wirc6v12UlQVkZbo01YrzMNu/pDQ+swfhkaKEQ9omzAMwH1tCbuF5BOLDR4HnADXLM2GJIGaKhBdoDdgVRyyCs0oD+ifENF5NBg6Yrdn8fPc1aGhFkZlYGKtmaUUkVh1RnK/baz4kYFvfxdtXKiaxkM3Avc5u+MhL1FaQkK51TgHTgiXd+Y9WGoKT5tlRvZ5+0LRdkkXDg+Nyj+eDp2f2a3HXvbcI1SA1W3upriiju4lNOGwZVc90gBPzsJaQ96Voe5D3tawirraqex23i2L2DmCwBDhHuXjB2XNIr6iHsY0OlA4/AYFWV6jrZ0VKmyCDS2OsxuSzrC1bnh860cBOCKRuSW9pOjimiSB5z0qC2f2x4pFDn5NOSYpr0vJx6EwqW1KmNCpRRkDCriaBDr0x1xa1e8tVuW5oDZgKdDpHTQYT1zOWbQOt/Dx5AieYClVXTlgR71jHtmaRhw08Y7+pUi1eA4pEZfm+bPfW4YDWyclxqqj/4YMi3c+8dJgdWs4cf2I51HnEa7I0azVtlYkpqNe8k+5jSmXkrmktl+WGv90Q9stuFtu8V6/Q58TJmS+oCDRTc4z0ecO6Vbz3if1R0zO7d0dDz6A9d2TUekOQKbziJKj3k/PsLRb8wQEefJkOmMr+2C63bFo98jg0YYFOBGw9lZMGk4S1tkZFWkuG+7ONToVSbnxTrQexgnOt7aFT3KXdCh5aPf8TjuS6xUmk3nurGEFIaRuefMeDFk3prwGRD8jb8sxqBTQCr7As9gzHCDoexS9vbE8HfmBcsopJ+xbjdQhqsj7hA+V3MiBSbu9jQEZVYtq/1DOHjOMDvPtn4qUxgdDcc593DMZOaAY6J3xKEHDry1NxDjgTMdch7TadahTm0YnaUL2sVn6GeEh9/D4Ry54G3mNdd3VPTi9PxKNsnPAsY837VXdurnVVutNTqA8qDs37PnCK9JnEA5A8xwm/su2odTim51oly9m3O2cWxMMFX+7BVMB37TLO+4PMPS8/zOs/5LPjjDX/d59W/2kUbXswz27J1hTmLw1zM886ev2urZZzjJKHfyFat+9FmHhZ6Rsb2648gbvnr2+T4jADnKI3N71ucMC7PF3DuzXrXEIfa5NpbqLs9GwHg2z9xI94v3tOyJ+NdRd9Bqz2vmIWf2s2x2gotJ5idjlh8Lx9gj7sIdvY/6jjMsketYnU/eh3ScoJNarVtKJi1me9uuCe8j5SGDZr6bJ9ThJY76ZMCd583vmNEoaSKcJo/8YRt5pcmo+cxJdjjb+Q7yvtazmb93rld5hed3yVda3slYOwdUsMJIS4fnrHZY5/tsXuN5qD7q+dXZxIC3uk8119LafEb/9Ly8ovdcb+kNzrqS+d3V33ruPruvVlna5nlRVgDOfO3A109rmde+2vNn6yIu08EAgtvze+c7EznvAS7Ut9nZ8ZPvkX+aS8N29NBJFa1ftXkvP2vEwXvIQTZ8jpTjZxycx1vB9pl+xlA812fzfna/K8RX/XxGI5TepLz7wlHkVdPZzbTsK3P5V7a/auxn+/BXtjUP8ef6+1fP+bt9t+/259u3Q8N3+7e3Z8zMX9Hn+ru/5qL76jxeMcp/pD9tzxRcX+njq0YAk5+5pTGEDLJVn68Y5lHwiDSu01pmwcYF/ljzJ6lon427N49A1ZTOyrA0eImEbVJ4s8/xb13ByBbrc67U2qhvdQUByjh3l/TJhoq04nhcP+uoPmXMJ6UOWLt82jau79EfGYE1wH0QescMCJzfJor2jKQd1t7T2cVT9t9DYXYWJFVgPSuT3ZjAtM9qgDdI3XRDGLNxVm7J5FygamGUOQbv9Vu7eRR6GNcPhbbRGHacjKTTRkSqUl/HA6ORq1nVQD7hO4Vf7qUVPI1Wbmikd1AyW0Vf9HqfTiC93AIsjKM8S5yPClKAjA9L2HHoYeXyBxWXzbaEA1AKOR7kS9vTqHbv9zgXjjub7TkPrZN+jkeoNbtDwx4OG/7NqIQB1LDCdxxXz7Ve3WBZavi97WGg9jOreMDoqSxxEYrQbVJUVywiheDNI6P7AZZM0POYHv/9iAwb5o4a3Y1/W5TW2NoGxm7SKYXrIFx6GDgNpEGcO1O6A7tdEmed5mzYWhPDpM8lU0WbZ9PYI4sKFVCOMxhoRZYZyMwaLTIG0OnHIyiBwmWeuVnZTrhy7Xvg0Bz5CCsasLc9aYY+U1Gfdd/oWZkV/DSqz7ipysPEOSucWyksZgUMFZx9GLvGpfPMtV3KoGt9SENMfPS/vS8ayy/tgkvUFr3aBW/bDUDHz/4edxCyBMBH/8h7l/tlOCv3tjAwdxOcCdp+9DEy21Pg35Je/OPxj2H9q/s/4S93P+G9YcOlXUG8XykLP1POOb1F0lfvp/Ztngfv1EvAr4ezxjznHDPuyD2yKWi2oQ5kxiHNcMM7IJ1Fuvep2Ske/R44d0QpgqPKSbBkjLXIOvTIBTp+RyYEZnWJ++a50ULuUBszXiTvZA2lHgdgEcX6pD5w4hVhjqjTbb4fh/ILVlmgLu3iWRpkT7+0x4IPZp45qpmlg5/yJKpz5b2huO/PbnGH+buXtudzm83llSoduNPZSpe9muMITxscLYbnrXigwUgoeKil1WbnDG2beaka0va9XRzvwmnCp25nntLOSr+8H/IuGPHqlVK7WcNbu4UhvWjY/NwJFjwzaUwTOMb/t7ZNxq31HObP2ov56nrU0IagK+cERmNfdcaLj7nYnk4lxRM1HBhx3U/wyPv7ngnP0Y80us5wN+ln1Yg/3EPSXWbleGZ89HUF7hqzSp3hMKfu1vM1z4v00OUB71t5gvPYCzpGeUAoLWxNM161Z/DS74sXks8mGlRtlI3KIH9e32d321fW8mr+q+++Cp9aV0E5+4t/jkkOXL8/jr2abdHsyopAqPC81/tj6SX2PIw7wJh3W33/qjGVe+PdjMq09La9hZzv8s2yxIbMZl4/szIoH2mwIUNV8c+CMylPst8W77pjoMtTY0lJPc+6R334eyL/6lwQf1fggWf1ogydfFqec+U5Ss7gnfua7k/3Qt5RfB7TvMf3mYntVTvjhQ382Nyv3m9NZBkMvBV/7ylPv5qH0pLzPEL3kjq4RXYXmdPIx0V5Lxtlh+f366jzUnybHSWenZfEsfh7Sdtm/McTh5vpnVWmznwmcfzsAPAV3uLVM8TV1Xsc22XkylL3Cl4rWPvfI64rfq0ygj0Dxnwm9Of5Gs80ef5ugOvEF9T87UQ/AGSgiLa5ZMY8H+UxdU7zfr1q49ngJ8WHfgaTcU9ipX+An/jKHP/KPtnvq3P66tnP7sN/V5v5ob9ynv+pa/5u3+27eft2aPhu/7dsLxlqPOX1/mXzIPPzRxUncz9fZXKchT8b67469kphoq2jB6NeygsznASwV2M8nffE0M7wm/vXtc5wm59TpX8q5NE8RWEw468Un8/WMWdSMLiim9HiGq06G3uUkWZa03ntrxSxq7X6elqmCzd4ZH6mALaKlp8FpmVNUrjwfImIcDozaA1cCs2brKPDDe9UdZVDQinbaQjXLBqr+VAhQJs/BbQSmEYP/FHQ4pxG/NnNDcIecV7judJBBESZl8Hnq+U2NmvY7QIvMTAqPKgcfvRHKjjUiYERXTTgrrKb1Dq4G2uMoJBdyp2zcpRGzlmZoUoP/ZyKw922NHysMqrQUYGpQJm6WNOUd/RU/Gmqc87twCHpjdd4r1MsZSXCeH7Bx3FP3OTm6bmiUcuAYRwbNxl8mxEGAIZIWMSqVp75Zoa39ubZSToVWD1LXSCUfN2QBg0q/nfb8bbdMpq4MWq5j3O8RprHjnIa0XWkAZWwCJyj4wedOpi6ns4tlVXEYaMlH/zsqRqTJVyoKHVqzPPDzCcdiKjxhFrCzTODxDlEBxb0x7fE5H7p6QDyETDO8UVRS2UzJtoMzkfavI96vnvSCLkXF851nOMGpiFeGyP1jtttw9v25o4ZYmQlpnPNF7vk+UkIWc2VvydFjvXtbc/STgDcsQCG/+vxf6VR10v4dPzz+Gego+MLp0/HnW698MaCmkomgSMypGSmhcC5a7vg2q746B/4x+Mf5Tzzgi/hHq4UujQmb61l6SvePRyzyX3Ce4af8b42OC27I4wO6ZTBiMuiG+4YE4bHcBYgzZ4JJ+d5bZccv/iAns5ED5QydqbB5KkaDLtdwkGwaDdpMJ0ZpglkmaItIjubtXifNyYpYzk3KM3lWSo6vuYLbu2WyvEuvM1813JNZ44m+C46jMmZ47+3dsNmG977O8KqMNA6vUfoAGSotNp8ppnzeumcJCWVyNMAwG/bj4Fuav90nstdN8P9+Aic9nPKkkM+ny0d+Jri5oQzCpEsMGD9hBPcq4Rx1z2b6ifH3e14Wvc5aZvvL8umVAkWp0WPquPepIxNGPGqDNTY9jY6yo77v/qsaGYpq8+y2ksZJtfkcEyHv+AlDuFJTvRE+iVOFV4hDRKllsfwvA9v+f1sGNSIynkt+j7/PuQ9wJ1jZ5ko8Rxb4W6CwnhExv7Jewa85rU8kyVyDWApijFt/vk9Iqtl2ad5HJZGMtB5c+0Eo/ge3HKen7VMaPnfYY4C35m+zHN7BZNXMJpeHPgYQzmpqfxJnJnXPfPFrz5nX5/dpcyNpvT9X9UUXyujTd2TLegQeVJOhTuiZ4d/D2eLmR9AB1vkvX70x8DLeZY1ygmjzEuHOfKrPMfP6Bdb0qx03n94cMbgJI7M4MTzyjtI6Qz3TfmVkgv3vBv5jGaxmu8G7Zf0nfMZS0oamEHBy2BehjOTuGR9/Gyibbl/KP4BUx+kOeQ1HM5VioTZmTQD1LC+GfYv9uiVQ1CtoX7XEqjaNGPaAI+pr7nEC2FOSJ4DNWqvnzmEKVboeajPzute3U2kmR096VHyX7a+u1dtpvVN4Kt3wZw6f6Dfsp7V/VtUu/g0ET/yc21Vauyz+Z+4zaf0Uuf77Lt5Pjb8d3yGDn2aaVJpmcoq832m9C7noHuqcxC6+Ip25S066dpW69ZxVmtbrVVpzwijNa57QMZrp5p5zHk//0hbwXaAuemN9XpOXX7+8FwWY9Ct+c+tdBxndtaYv//ss6/sz9/VPuN3/s65fNb+0+bz3b7b/53at0PDd/sf0f7aS+Brff0VY64Ypl95V3+ngvYrz+tnjADU9hWmS6McXrWNNdlj+Kwb/6KlACPM/Pz9zNzrd6t2aRfcIrXyM0GFAuQQyQuL+fv/mTFh5fWsfW5L5eKoXAAqpfasRMvnJ6MtBbmttcGpYrVjOp/nAq5EVMrvB44UogBU2vah/+pbFSdmVctzXlujIc/CyBKGzPPcVJkTBln0UIRXn1wjlfE+RqXo7WlMqgnzrKwVHj0V9Alb8+c8YtnribO/q138qRD+OSdP/TkqKqrGYqW0153TuWy24Ud7S8N/1k6HpJyXWaex0jAq8HS/8izR4FL1wVfHZjaAaUp53VMqfVr0e4vSBpomnQrDe384nsm6NMpPZnuaj+LYHkrCjh71IDHA8vf9N8/8ARpPvL587x3v/T2V6G7A2FJ5fuCBESf6KZPG3BIXQ6Gv54hr38LBR9fJ/c8SFFbKNEK3zpDAIYygm2TzeD/esYfgn5HBsddUyHE/VDVEReLoUFJKN41wYxYFAsGCrj/SQMkvLLIy7LnHHZDMNkFruAeSYUFTr68cQ5D4H05OUUZEFeGqOqhU61JHOej1hsZVYGuiFKfxXnuyimKd8eOkUJ9o/KywMVhE05fhhWvdxamAd0g5NVk6ml3sknNU6BDWFjjEFPy5XxjpjONAw39tvydNoJOJZ2a4p3OdWWV3WPEMqqxK3OwTPqGMxHoWGEX1HuUvVgrGuWlU8YqOu4OFDQZ6AGmUdjrtDghaMqEHTo57Xbh5azdcmhsR3HnLitbE/u1tx/vxgY/+EeurWugOn5bOghqd3wHcjzEjzbx+AyLzRMAdYZDuR5QCGZVnuv+DcrMjIuxbrr/3ntlMlOcgTE77EjiqOJIp7q0MUgrHZ9ylwV4b0Aynch/j9/73oz+G1P/zs3RO5T14BAw59N681E9mejCk4TtvoaCLXlqnyvBwFMKi6E7dCR0dF7viZ/8pilHytJFR44kzz8z381/ScfIBaUDgmYxzUqUOCh6a2cvMYeLOHI+k/Z55Z8Ntu8JgeD/e8dE/cm06Ta9NHvCxojgD/8LMN0a2pWjcbKBIR6N4hxlyDrk3lcbyPEP6zahFs4HvYaaLjmOA+VyqhhG7Op+B9ljtwzPZhC0dMnr1R9qTxkSsDWXKC/I7xSttOp9DUtDXfTm+c36/jEs63twUvh3FR6z4utXvq3Vy/XTuIh2ZnbxVTvRuevLrmn2kzpi92Jnn7dU5/OrfK9iNeGvCZ5ShRM/v6r15zK/CWMd9Pv/znFl+5iWPfurn/NyQzUXOJ/liE4eusYxW4YfDrByFakyRpRrl+pJtT/wHAMMsU/dcb2aaintQKO/w7Lx26hMemW2sn/e8XignDu3Hiqbl8/GInpN0Poh7hI4E5PEQM1Xaou3SdufP+igDOX2z4FHPa+69aETJDeWQMWeHYFM6SofuMcAGyYXwPCgvwvMMm3HubBTXPcn5LHj08x7ipBPS5wjfPn8efahTwgx3C0fq+f1h8Knf1d+rufPJ+Tu9s/j36g6Y/53X9ex3bQOvOS1qoNsv1lb9Bw5Pw+g+r+dhn3w/NjqVru6txB3ybCdZcKRBo1w45Cc7wfxYZJBgH3SwVJwd1mTjPqzmBZCOvA4m4/fbcBbPa3zVx/zsOD/Ovp9gzObO2RsY4DHDZqD9i/E4wqu9/gwPEo59vb81j399azjjzDyXV80wBi5+OhZl4Cf0c6YJz3DhK+ftX9nmAEZtK57q727/Tth8t+/2v619OzR8t395+zuJ+l95wf6lfT1hQOfxZk/vcS7PhTg+8+wzFe4/Y060HxqGnydzQ9ZjduPV40se31+B6ytBYp7vKGA+n28KIKKg3mxHa57F4N7H0hcK93lOZ0W+GpzO6fEpOOsaGDWZhjgRWICzwXluKyFRs0S4ImQyKnG+KTjVH5ttaOFIwciTIUXxIGy58oO/d74fEYj+qShdwojWzNMcEh/LUK+CWgmUM9ypePI+xbBstaC5VqI2fjI7DCCUR4/4OfqBLeqf+koiNT7KmUL3idk9NtszKtP3tnBNhf2W71bKx44eqdvPYxBX1AhKyDNlHw0CNdsyNJ7hsFCOo0RRfqbw2QW37v0jjJre/9Wu6cw0n79ZQNptqwwfOXbh6G/bDxgMH/3DDX/WY32Wqe1v7SbOIKRtGBSWbHvz6HdGN2tGBl2vw4pOHcj5aKs6wD3pI/eHGQaonLzYmO6dcCQOzXPdI7qU0a9ueOxpTOXc3djJsxH0F0caVYc9pDLYSklAnCDUL+2a61WHtDl7AfszWDmRhPKYdb4JI61xP2bzUIeF0aBCww/3YrMNV7t4aY5+T0X4GT9JNUrJxN8Zuc8U5hnRjki7b2Xwa5PRhjil0YMAMssNDbvPlGOXoAmPiHKm4ryi9coRB+iSOUeV7LJfFlyCIRW+hAXLCOiOEZ+Is5v5mbu1C+544Ofxc4gUPXoflN16Z/HvvZWjxYpWMJp8yWeE4ph3Hvc48ReFo5tt6aB4YDT+6j15j4w3zFwxZAsyjwJ+a2/Y2hZGh8eQ9lVLWBC3b+2Ki11yrI/+kY6JLPnw0e+DQ1dlLULenWpIplKTOHaXDBuebrkl7dii/jbxlPTDHSSQON0wpqHmfDPrUuBJRnsH3fkIpxJgjH498z4Tf2FRC1ha1SavG2cVeZip8e18TgylYFudI859MHgkTMpolo4bbQvaey+8Ryn4f99+BBzuAtfgG+Ooc6wDR57xkf8LRXRmrRmz/Nxxr7VJCu6OcpLgHZL0xmoXuX5+zr9b0oTiDWtcn4fzar4Q3V+fd2Um6jmmP3trV1zbBR/9jn/2og0ePet814GOj6Pwh051jU6u016wv+I7Rx6XZ72hSoqR/3qmdG22DdmENtuA3odSCz4G97GgVHs7NnUopbJf6ZjemQrPuXFt+q7y3Sujje71LKedjBl5HiyN/ENZLul/ZUDR3/XuXX2vdPbWruWkOpU4munEszbweShDbfY58UOv+tV95j3b0TGkel/0s8Sn3DORD2bat5jLvCfz2Z3XMuLP1NcL5XuekQXuvJonR3O68YX9jjk477oPz/O+sWGF4408Nz07vkZ/VmW8dYar82/5iZ3PJGUAlSfmfw+MJcKUVptVqbc5kEH3TPkTwmt2Apzxq5xVeccf4uRbNCkdPthXdENZ2fuu/54gZtyFygK3gqvzo0/0ClbZrYqvlEwQZkM/bMwuqAEd5BWUF5nv+sACuN7k7EhLOSov5Ry3aOCMe01pd6+MjjOfyl5mndpA9yBZN6e7pSmNNylzIs+9CghS3OFaZhownq5xnSNfPn4+0CF57tmdpf3M/J/utc5Dz8Gq73IknN9fXn9QevBqnjxLQDk8v7onZrj53IrSK1/IM+R908HnSZ9WRuRXvMCzaHh+plnWanyejGojX7OmtSuHhpnGVx8st4jk2V7y/k8/A1THB4x36OpsqVPJs9KO89xX7Rnu8b6k2E592uocvdq7V9//le3VCDMMnz3zlfbV577a/ur+fnXsWdc9f/937N13+27f7T+jfTs0fLd/Sft3X3R/9L0V8/dn5qHC22fP0fD0qsevjLlqq/FXDKo2enKuhN9RkBHm/BfLNDwTJIfPbFG3d1pTCjjxr9aX1L73MGpU/yjD/dN5PxG/zNKotFoboxhgyL2dhVAaDFW5wsjeV3ijuJUwEGFhz6wZdoKTCox0MqBjBgV4OoXoZ1wmyyLQIEhlBBlMpujOFPMiFNJgoDCk0EvlBDN3Uy1BAzb/70rya45B4YxwYXrtvXm04RbPrSL6Vjg1ZHawUsxf7DIYsKKzdI454Ir1t+0t+6fBfbMNG1M0Jzxq732+e+KAemwbPJ23G179h5HwVMJ7FOqRzg5awuCkgLDzuZs9xFVo9u9bfkvHJabe38Pwutte6ddlf2eFp/ct0UjTPhgs012nw0KviCuEvH9t11KA+eHKMzMLx5o69K7GFUx0BIZLu5ZjgtX7VMztEZ164JGpYFMJaVRSOAZd2xVv7Yb3/jHM5douFWEcMFLDEuFQe1YRoarEBXpmT+DnfsYrA8sA1+YORVe7ZIpdRi9fzI0CH/0jz9oAcxT92iPdPnoZBbv1jEJlCv9S7BmYFpv0kNgwKNiJF4aBTrcw9sYrQxtorX4/OfGRrqwi9FT5Z5NDgz7H/jarKDd1FOE7VHb+vv2Gox9ZDoNOCh1aqslhsjLfVZYTXUcZ5ZpN2YaoPG9OO5XeXtsF937HR7/j1q6490dFqBM/woEt6VAq44oyvLVb4UnAwvfUcfTS9nCkOCsYqMiCFe3iO3pPNGv4rf3Aj+0HPvpHKabh45hZGK09TXmDZ/Jo2DArxWHAj+0HDG7IZ+r2ucZ7oAxggd+2w6zh/yclOXbbwYmUM5PlvXEJGHNdLC/kdex9dxsa3vvHCT4HOi7tghb362a7R9JjSwO9meWekT9bwZh4pUaTjjJOMFK9ymqU8nnGBaVPDS0dchB0d04PTcMMMyIUr1GGBqBjsz3v6cogZVkKgmsYDI020Wvpk+/s5qVViOvs54g92NBgWQKnJw45TNuQ2WeD0x3is47NrDiaFUa/3yOLjpZbAmi80cj2ems+/0UXi7aQ/7pu14KbGJq2tqVDGXlCyCh0HnK6EtmtrO55OtHxhxlK9szGo/eQllnzTEQWa/bMKIZH9KeyUM225qz39mfG3bpDj6SfAYiEB+fXYOlct4qSZJ8jP225DjXo5YT7+N5SBrDxbJA/IFxmXJ7lnmcZ8sroXPezziMjzYVv1raK5NOx9Y4j3/TWbrhHabDZaDz3MzgUoiLrFZef7e8KlvPerL6v33GSV5/Ncx6P2fLUMUK2+mljD/xvfiZ0S+egpQgGJwORF89zm7ILLe7WAcbxU45lPcc5wcCYKbAWy/tsdk1WObaMt+d9e7ZHpH1ZxumFA8vMw3P8mUdOXJJSYJ/RkHluHUinU45d4+EkK2r/M90/9w/ctmti7wOPuDrP+JwOqb1kvzRtmo2dApllCubn2p2Bx71Wg486K6/ORfEM42fzmvv0ec4HwtdJJjbySDWuymjPz3Y6/U+ldPg8nS/4mjsFjA6a/hyzGimutYTpjIMdvejf9HmdmzGLD+/PY9IvpVNrkYclbCu7Xc++Cg7ttIakU5PzKPFZ17Q6S8/aiY4IX9VxDP28pK0n3hTQQI1V07ts1efpd7Nk2pW/efbecIeTBgnPYUDK5QM/8gx2Nu7hjEfu1LMNgQGf7kXM7bN+5/Vp/7pe4lXtKeEGEpYT/ZqDAp6NlXMh0YIVDxbfrc928dg657lvXccrXJv/ZibRzIwYvBCzsCm//dX21fPzd/f1lT5n+K34h1/t8z+p/co+frfv9t3+79m+HRq+2398+7su1RXj+Gf6SqPQzIy+Ys5/YX6/MpeXc8RawBgF1XENKlzR6PxM4bvq92KXkzHmGcN6SsO4eIaRrAShGq1SsLAtFZs0xLJv9ZCeBQKdx8ycPxNOSvgFbtttMH4RJ2Z46TzZUtGkz8ANJ9d2SccNwKM6S+Fw1NMvxvMyHV5LvVKHI2zMFhGlWxqtL213I0FG9QJv7RaC9ZYCBCPK5/qxta4WBqiWBtWCMVKhw2hfNYSUcq/hZ39PODdYGJDf0nDIVH73fg/lSuG7G//HDBZ7GMU6qoa91iBP4c8qRTXr+RIeF7u4gskaPGNJmQcc1+p3Kh6YAnuP7A4XUdabNdza1Y2IYczydP8tZUg66vQwhM3KnL1tuZeMBFkqywXfK7KIAjT7HI1Pl3ZJY0dRATfeuhPIAQrRSTcCL5jx4TEpNu/wshVaq9nfr/Ta1zDKVoSryZmp+VOpBFim109Zflq37y8Vfi2zLmzWcGmXxBvWvKfCjSm+1ZhKGnNpF9yPj1CgGC6Bu1QyMCX+eD570gsq1pN25R4hjZ+D40yWAqga9pzPZs2dGQIfHoGflbr/PpwHzmTVaMjm/iJo1W77EAFO2uEGmk0iwM59869L23OOnHvS9CmCJyMy4xxc260ylmQkiOPHgf50PTmHyAbCtlKaaHSwNq8v3or+hPGQJWzUkEn6BtR50DEy4pk/vRR2PJePPpbh4ZlmeZVMgdw7ejhW8PwwW0HO3VripSr5mOWB87snTfO2BT4TF5ttmaVFYce18JOOSq2ekfEB90vbcYvyP+/He5ZN6EJ339pb7ENPA+qlXUAnn6TptuHarjA0fESpBTX0MqL96I+cMx3XHv2Bj8Pf2cMAv1kZ0C9RzkBTxN/jXTp4aXOHCBoVJmWruTNj0Y9Kg08nmH8+fgqehPNiq4xA8fEyjSqNs3eZE2nMb9sPdxDUcjxUxg6YKfQdG35sb1lyA1yRFWz17qezjTtseuajve3YsOX5aGZ4296woZx9LnY5OWf5s1XOY4v0tZV9hbgtPLg5j0BYMmuA03VGnc8ZupDpthH80bi2eo5K6CZj+jkb03vvsWc1zpmvV8Us6Tz7Jm8xR+Wnclii5w1j1ojKIlWl1+howvN5749ITe7PO/040lBMmuw8d0t49wCE82vbkGFotTbF4wFXvmLstiqBwnd4HxssaWKPfdmwnc4i+yQezbKa0mltCk8AA+yHuT5xRpiN0spzjfOy3D+uPJ2oT8aiSuPPjFlzS4dhWVfhWcv3iePJ84VAwOwZ87jz78M+DvcoUt581tJhbOp7vhtn2Ok5mPej4GcJA+2rDNNxVl5F5cpe8YcQG8YSQ1u+f9qTMYAhZQjJmFR3FB0AxswY8/zmOVCGm2GozwNOXwyjg/1Bg7SVvGBBf3pPSTENysszsIA1/1W9wbO1AJWO2z9HGtBeOj3lHTTCUg3Qihfa5jtLV6PfkebP7yxmg47uWWdwSDmL9by5UC1LcYItYZCwZBBDGdCN85HzlM/H2XyGE7y7ACmpYDW27jn7UN46S6UZXA6Z5gAwo1hlwamzpWUcbOB7Z1i4g3ZllGyEwQnnR56+1gsZ9bx/6rCa9DfXe5T+SMorzng10gnIaAWTcqgd7xXlI/xMnsugrpoavD+Td+Z1r+i4oZybVvfd3AffL7pcdAw2zn11BuemqeXP3Og4BzrEP2uEp98Hwh/Zef7zmM/mOX+u5xIY9ZHc11WQFlB3/LO+ExYmzol2pkHkF+edSppQ/8ialU5jPJ8rniLupLn/eQ/0vsyzPU1sxsHVelb3yQpGgKWuwXkYZlGL87zIPDm3z3Dyj7YqTPIFPveLbXXXDmOK09NX6MFf1f5VMGSbefFfGe9fPbfv9t2+29/bvh0avtt/dPsqQ85nf6XfP/ruV/qkgrBhzZjN75HBe7XWFaPzR5gfvteSwcHAEHylT0ulhr/l/YxMeKXVHj2maRh3o8dZQTb3A4MYd1dCab3zUCWnMNBXuwzGuj2U6VrzsvcedZdl7FwdlSNr2OhYOidDGF6Pj+zpKUxR+5EpolMBpGlkaSzeYQEbjqcRP6ps0P7172sYo6mwSscLULByA9W1XdCtp0E9FRy9446HlwgIRbkrPmvsEsBKqHVha1Si8vmL+b5oGQZmIDjEMPdxfJTiPuC0R1QrgFTA/vP4OcEhhD0xsLkx6ZLwf6QBq1KhO4yZIWFLx5MtIpLZbxlF/O9HF8MyBXpgUnj77hw4ov58GLxEEZTp6FGGns53ehkwzFBGbbhS6dou2ReFmyGSV2iU4m4a1ANWFc3sq733B+5RZ1sVPR1uKDK4kZx7z7TqHIvv6P4w8tizJXjEcu8dP7Y37M0NYW9hsH3v74FHFo4xTnMrBaqPt4FGbWTkIhV6Oo8ZJrfIBEI4Whj9H/0hKf+jrnw4OqC7QfbSLugdeO/vaSC9tlsaRC+Bp8S/a7u60SUUyRmVZP4fpWt74JzCW52ZNIU9m+Lk0R9DlgHAyx24Ifh5qlSTvh54pJGIRmEaynWub9sNl3YJByOJhlvVFI1z7AZoi4wffcqEU4aCuqv8rOSZjvmo01qRv/n+/VzIN4x3pJ5FbYrPpA8sV6DfVVmiMgiO49FYvWU5Cv43Ha3yb59gRZQeGQXs2UhkjUZl8iPPM6xwcXb4IP2a6QNCgbZhA6zjR/uRBvxnRkwqQx/9yEhINkbCafQvo8XLYB6K3jjvDRseuA8R5SwFATDTkDsduPOTn1s6exSecE9kzuYwckU5DT4Qx6aON3OHC3eS8n25R8ktOgoqj9Os4a35WdDMGApXzqLDnb3uuOPeH8O6+DxQ56WZG4d8H88G07lm97Cfsf90AiBN3MQ4ULiLHPe37QcubR+yTfBeVc5ppK3u0HVtezCRtf/3cEDwG/SRDlkPKWM2KzA5T3dseSTfwLN5ib32O3EPhxFk2RFYGVFJt9ToSiUozXejcc1y7nU6y8i34WxcBegAdHYUUjzY5O7SdRef0OXfom1zX936ALsfUWqDDqGIfujocA+6/GP7kTwE8SJTpQdt0wjS5BcER9z5aMyaozBTfnTg7XtfwkVhTfni1IJfocLaAPy2/wga8SzTHBIX57060T15r5nlfc75j7LeyP9mn2KUXt07M1+kMC3c1E/rvtBMTjCk8ZRwU+VvZVqB3Cnz+r3N5T+UR1zN+1l7xlcMa4C5XPOir6fyqY2GONL5+qwtaAjXqjC34blZ6pvXrfQonRnUaGdjpO4J9yeaPc5vIV9/Igdr3yv6on02tJCZzo4uHIu8FICky/r9bjtYfouYqbRS15FZ/Z6VPZjmWnOgbDxGwHMdxQmWLKcZL9jP2D9Ap42xHwOdOROOvZ9gc4ZrrH3C82dOKIuO0jmh+qg7ReEwA+EI18r8zkacorOPw2gMztA1UX7ahIfW7AHbkKXpDAcfupWjRWOgBXmV6ovyZJ4blVH5R119AY2iq+Qp5pJk5y2y096v5k5ZbMANWJXtMsmiIc/Oc1NYUneTzgmwiY6f+ymerTh/9qHjqE5lXtFLh4fp6VlvpZ9vGB29Zse/hN0rL4J6ELGA03vPaLpiJ7FodTPo3p/OSA5ba0j+SWCnuolnc3nW5nug5iL7jnm/ONMvwE76dTyV8pKLrEnzXJc4L440Z5lN5Wk7rWPlzMC1eVk65YeQOifl12c55NUaZtxUvDjBF64/2qNsEp/Rn2d3+K/A77Nm0w8/XY1LmK7u8c/6X/EN4zP+21f7/SPtj8DnXzH+V+bRhL5+pc+/6rnv9t2+27+ufTs0fLe/tTmj8bVUjqvUmNrPmln4+jxeMX9/tqnRAlh7l5/n8pzd+LPM1Olz8QKemUqNong1/leZI0YR6t9UPH9uSDozYSxr0DHu46hMpPCDVPSl8Q2VPvcBL1kAcc5g3Xsy4TCmf91SmFsJdKqM29qWilkYThHoQEVM6Zxz4sNaPTWiKhB6dyP/YLgmDChESeo8rc+YWGFiNDru2gM6PMqXcQcPTfnP56bsC1tz5c9ue6S0rnq+KoDRyYfGnty/TpXMWVHCEgC5fizwL/bm0R947x/4OD4ym0SpU8ozXqP7tO4u5+ROAG5UpfHWI1jdKFHZBcoQc8AjYJnak4bs9MbvSKMKBWrIWva2D3iX+8fou6mOOyPAFadcoaaKyZ5z4nlqqqTqks1jPufmRokNFVXPWqnNtqh1XXCjM4ZBIhFTEeIdDtlT7JxNhXvCyFtf56gMYHmNa7vivb/jQNXHxSSoEA5KMzq664iM0cmW47BcC+BRRLd2w7VdJYV2KPcnL389ZywhwvTPjIreQdzzc0XFvdazZxTXSJf9N03XT9ziWfiv/Xfc2tWjnYe5VWYY0pwHDjd2hyF2k8jwZpUqGgk7TfN/SSzh+wa/rzOziIy/tVLO0rCUWTLiXXfouEhmFUuc2myTrACjMiLvsljjFnvkYzySlrnDjzuskTZxz2YFw4yLxDlV+L+6t/jebltmmVBHAcKTa+U+zgpBKpXv/YEWeJP3tvm51TqoR+9pwLzDDeBHlLn4sf1At55wYLaP23ZLBfbJGXBSniL2mGfT8dHHZ5Tce3/Pd0b+6qyy0+8r2n7LM/ERJWd0i9SoQAM2eYl0ggvD5KVdcAmnxaM/PIuN4AXQ03CwMrDQkWFvF1wiEwTgTk734x73+iMzlDBLC+fHbAe8w2kg+ej3U9mbpL1WdIR70qCOR0GPraG1Tc5my/Ot+Om8zoY9shzofcvv+bw6EQIIXBqzwvCdS2RW+OfxT2h2nOQh4wyS9m9hvB9wKz7ocHydHSdo0C9lLZK2U2HKzA28d0f+LJypwpnVs9O4YwszSJlZlJyIMmV5zlvtSeKDhWPWnvNW/FWjCh0Gjt4zQ80YNVpOdxZnJ+/mMMgzgjn7z/IKU3rqiW7wHPEdnT8dDC7mDiUDLywZWyqzzAce4RR14sMbayDLuZH0z13eUjj6mavSO1+lpwpz3mcrRa6Z0Km2AR2n8/ay7+mHrTJVxfptx48oL6Zwq3GKX/mKrLQ6l/M8Zrl5lt2y5Bj68PzqTtP+9Z2CAU6fr+Y8z3u1Dv3d+efYf+vT+P7fVwZgvftftdlIqG1caxND8QgnZqFixOls9Nms0tZrv4knVr9bUBU6I71aw+rzlAuAp1kkKvPQyEczcv1ZlCZ5NpUXb+FUSp6RDrLqjJglrsRYpfi2kpMRDh8q/X62fqX9eceEjDQ/T7lssy2zPFGen/eKrAUdgVIuzn4rwlrHmR0g+JnSuvUermmWwuuUZaSuSsGb0fGGTlIVCPHEMGZI/hGCQzMd0T0l3cuMOJZPIp0tFmums+h1u6YDJx3/q3Rjz/NQtAoDSsw0r/p3fp9721JqWOP48q7AXOZlxIW9bbmvStdz5VbZI09ySeKF61KudsFDnVKpa6OxWBy8eU6U323Ba4/jjM9zncq/r+akLZ1czAaDPscsjc+a3yg4rrMBnO4ym/Zi4Ywx9lsOITsDBYRnWK0r5/qkZ94LVbJl7STxlba68+ZxBnw2ZobgXM/8z2pNJxyb7gLdMx/WTrjARj5zRcd0RCI69XbNNrTW8hyrTmmew4n+xF3kGUzLUX6muyscmuFCfFMHzpkGOQ6MutFnOLGC9WfPrL4fzj2ew3Z2eFM6/gqvP2srPJzvmIH24Wt4788+t8fMY/8d7dUevYJdfvcXTvfvXvt3+27f7dy+HRq+29/a0oi7YIrnthTIpr54kWhquF9pxWTbabw5s8Afbc+Y/b+ifXZxA2vvVX6+ep5tVQd79Zymg1sxanuTKAf0VKx/Nv6zz1QJutvuSjFRNp6Fm1FpasGlPybDYTK8IciXEsMj/VooSB9P5u7GWVc4K6M41AYn/mMU0mkInZ0OuEuaXphzatbCiaBnZKGueYakCoY/treI8O8SfRcK9xA0mDqb0d6XdnFhBH2AAc8Nd9fHP0oR00tJwZTPABUejEqtGa+iyTrK4QFyXnV8zp0RrbWfLSPEFT9yr1G0w+J3fYZGFY7hhso98Z7KchoRXLldilnuo4lSdDTqWyq9SyVT+FdpEeudvW2ZPp2p0Hm2DOfoRSpfAKQjSUZaxdhaRkbx70CPEifXrEGfZ5hwMaSyy+h8gbHeNmzEaRO4F5aOtKml0cPLcLz3d48CDwec9+N9WBObG/08vbvjjsPcz4vleaGjjO7HtV2RKXjRI0W6484dj3THK0Oe4sYFe3OlLh0GiGeamp4RwhQqwyQbzkAPuddaloLxM7inUmwLB4I9jOI7M9+Eca9g6PXGLxGtQEcTZvX4sb3h0soRgNmFEp6xb8ycQscDA7OxEJY7bo3lLLweMftU5SznxihfM6ExGTmMyKzi8+XJL9z0dzSCzsBIczqWuLMWlad+juPpVGDW2XsmDJdCaFRpzndqlV1xmN/aFXvb8X58RLmXVlkDIio8z6x5BKfF+UmcCfzR8hU6r2YNv20/vJ48KlPL/Az39RDjc0cXPAmaQbiY4WqXVLIoPLRkiM/dP6ezBOerhvzYZOitNxpXSB8KujV/V6bQ0RBwY7vkVhrWq/c5lW6aseK9f0BuknTCccW4JcwwzKHh0e9Z3uGOB96P96mcgPeoPATPLPmJA4TR2JiVJiOq25ZGd11jRSTWOXBcu+WzmbEFTt/etrfMNMPSDjOOzBHYCtnTWQBL3fSkcZwbnZfmcmLXdsVtu6ZDk2fycC6CjoLIsayMh93pL7MlaUYYrpH9EU/UwYKOnx/Hh5fCQmTXAUaYhsGG+7/lGsphj4amizktZeaQGf8q61THW7s53CWLBcDsUc/xt0MzSI00NCNt7WxgzXOzMFyS5rfgh7g/94CH3oF04KTjmfJ6Sg+J7+p0Mhh/TAxocR9c2zXw0Wc7l4Io+m5LJ+KE8UKgIq8Eo4HL0oByPnVIeM57wHPFsZkRzfH4liVt9ran49L+JGp5brPEZjC8tbeC1wqf5AWWvZll6HIkEp4L4zNYfDLye0pDz8rxec4d3R1bpgjR1R2qY9GIxhIqowvGrzcdj2dHx3u29/n+E+O4oPnaqvpkLuxzkP0sD8E473kfpz1X3gRWGfnmd9jXFsEDboSSLCrWcw0z/7JaA7PdMQOPGuB4Pna75DiEcznarlLvxyIcQAlaf7ca5SDluAjTQc5dZO6hAZ78GLMmpQzUx4h0HadkspbPkXakU3C8O+iHJnqr+6rrV/g+/ZcymFlS/YRlGPGGvZr4pme4fsaZ82nj3WewcNRk8IFmlQlcQug6prOjDlxb25JH2kU+LgduXf85opvjz8ZOruUh/Cvp9UNoMOWAGSZ5x1AHsXDuGMuNjDiifJE7ZY3A5Lnj3Jm5LOdvhsziIuU7ta2yi8z34Lwm/qtnVHFH/yZ8yFMO9zZU79CF31xFyRP3V5ztuSk+f9Z4HoY7Ga/hsJ7bWccwf/6qv+LrFvPTv00oq515OT6TuLTIrPCsb/2M+HbmH1E8F2EgtElpMsv0Plu7ZmBwnmMPXS6DdcpBd6BAZpU9Vs8i73yrcpc65uqM8t8lvpgGIo38RT1SuqhnODCPtfr+szbPcXWzPutzvnvyfdEL/socVp+/euuzPilvfAaSX4XZn+njxEss3v/qPfhXtM/4qe/23b7bv759OzR8t7+kfZ2Qk+g/VzB9tfXpd9U5GM71MleNQpAKLMXwNTy7Fn/l4qKx+pny8Y/0+dV3qGgARFDLVH3rvpTBGtmGtYBwaZcUHPcpeo3KU1emPrKvWTDl79tiXqt1pkBmTJsbzK0tlBOwSN19JCN/bdehLIIKe733MNznwnHvD7AmuUa9KRwHfJxQr+b0rFkYtUaPY68Ff04HRwhc0pB1T8H9pHwWIeMWae0/jo/l/BpG4T+ZWSCjFegAoWkha9yKFBnTvVse0j28vD31t39PwxoF2AV0UFgY0bB2VnDp81QqXNsVb+0N78cHKOi7osGNE2/bbdiZPSLCmQUgFcdWMCGjP0T+heCtqZkdpuHZHhEWjHbhenfbIwK46n7ToDwqZ49ULAAVnTpEa4IOIz3xO9UyoiDi7JoKTCaCe4CbUPHIiM1hODkBEcfSoNv1fKPgh6itKtu1ZTRSwXZue0SCMrU7nWkqYj9KaoAG+SrJcGmXdPwALI0OhOslUu0mLBtLU1Qq3gMdW0Ro0zCdZwAVeZzpRUOAvh+RFSOUq4YydFHBpzhvaKkk4LmrNL6F/3TEukS2AZaJII34ebyj956wbZHikXTPcbSXQ4V5SR7fh0MUgDaVBiDuVJ36I7J7XJrTllt7g8HLLBwBYxrS1eBNXOT54pmmQ4bfF0caHxnRR6rWbMPW2gA/dZTb2zbS61hHrmuqUao05JmSaqatl7ZHdLcNSiTi7D3KevwMp5tL27G3S6YofwReMkqox57Awomjl3E6f4YIDuC23TIq8p/Hz1T88j4hrXpENoOBHgjtHqPjq/8DbrDaNcLcqjQFeazd9sDHKrngEe17zocOAwVnhTEVle5gw/IV3C/PFvRInFIDKu+AymY0dn6L7CodPbJWRJab5k45D2bQEJpMvO2oPfBzB6EntY6OUQHczNKhhU41dFCgYwt/Xxmf5xrQs7Pi7GDDUlkHaFBSRXVPQ84do0PDma+qzwkHdXTjt4zWtHBcYLYBd4Jh+mvkHX2JUkFDKalezpSFBxXFzbm9bW8Z2UweMqOFJzyYo4TduesOZrDwc3tJ5arSBR2V+0/nPdKYZpHO3JDOIbqHnEyH2yk+cC++Y+JTlGfSz77y+7HgQ6/tmjAc7/miWeTHr5Gxw8wkY4Xu8NlwwewpxctZ7uMoK5z5McoFCFaQWUfmrCApYYRh1o/y2ZFrMcRy7bx3fkXWJG2/tStIt2DILE1HPyJ7zMMdVSIrxWYNH08yQQxzj6a0ZrMWjjf303Pz8zQkcp1qTCZ91GwhM3xWkkQzl5FmhyB+P6+J531vnq1pdkqZx57n0dHRSVP6GmLPFMSrzyiJqLTq8zwb6j6bJ+FBBzPOV/99trZRHpwMKDb+TriuHBpO/LXZcAfrWeP3LufyzFSf6bxsz8aLf1MP4v+fyxw5/SPdrDvrbbvhiExFLMU2w6nkdcLBR9Lo6FlenWFCXib5FqE75TyA4Fec3vw8OR3WXcE1D8bG2iT/zGq/0m3DvHQUeSCOPzt+5ngLGXWFc8N38rj2q46vtWfctc/xU/vREzHOewxQmGl0zgsY7ltY4RD7ALS8UWn9KH/xsrRwIKTjJ+9gcjl0xlbjpc5dDd0qW1cQw0r3InAe5AOeQdKpcIqyM3yLd5thI+P3M/2ZnehWBkMGW+RTJuMO52k0pipOKi1Z3ekreXtew3C3TwZW3aNn7RVfMN+H/GzA2cB5jqDZGJk6fsDlBTy+0p7dN0DddysYzs/BJtpPfmlap/79VRgN+y5lIp7Nm+OP2VWpA57LmtQY6XQPZvT0s0InZpVPck4g7+zZKTsY0KM0jdko+8C/Kq5xDjOc5u+pR6vvnVfU9cw8cM5zwhGF4StYPmsr3CknrBXleT0G6Zau5Y+2Z/zSV3pNnfqEP//u9uxsO809n8G/a07/STD6bt/tf1v7dmj4bv+WpgLGH2EgVm2+SioFcI3zjGldXUMtjG9//pJaRR/8NZff54xRpIOeGNZZMJkFFzZVuvGrlaKTCmYzRu9VanyDRUT1uf/1XoyCzYrRHBQbZF6nesHKtKZSIuCxRyp7Kqs3EYgBRgWPxlka8GYF8VkYqHmrYnH+WcGhhVIxGbNojzAejAx9C8GholBmhQL/Ygp8g1XN8U6me5N6zqMyc4+Idiq9S/BwRYW/V4Z2jWzNaPQQajp6pFgvgzHr6b1HtKMqZ84wQu7txS4ZsTmn0WZTnGUUHWHETBGVGloN2jT6ueL4R3sL4xRxpiqd893cJ633HT8tHH2IG4zIT7wxDIbwPYw/jj+lmFfFliotVGlLQ4Uq8bcw7Ov4CWNRelDwnpVXlp7wUTrBSlHMOdy2G1i2gQIk1661dbcwcGaKbStc9T2pyHXESt2Jxs2Zbsw80lHAQjB/2241v1gdsx3cRdme6flBPKgMEIQtU9QDbsS4hhPQnSnwwXSJheNMo/2Is6V46Y4xWxp5Wac8naY4L78WEn6Mwm1Cyw4558QD9kB43/s9++GYbBqJzn0mvfLsFxplz5IkPXEb8fcj6EQZk1s6gHSUwYXzbiwTxEg5QjuEZS8fcsGjH2kAhFXUsCpgbThDNIoULN62G652TWX1XSJBSiHU0rnGrBQIs+FCz8CgvAnDoJcjudR+W9F/OmQUfbLAvVASn5QEdV6ZOWT43kaaaHGuPo47fh4/Y793XOyq/mPDmvwerH1bKQYGGmOqMPR9ZRYBmMVYfhdd2wUfk4GaZySdq2Jc0rcuSnDOgOVwCDvNuqNz5d2V9Ncqi8nFdjRs7oSHUtySlhLOzLzAUkLFz9CITxxzvu3gnGQOuVAbyxjdwmnyZ39P3NC9fDDN95Q+nGePGX1If+vuRzgdxdlpG1hqgvSRuNLR4+5+4B7GV41O5Z3g6d/PfHA6XmDMuMB5al90GiGvOZYKchpwP+55l2gmCbY5+tWMZVfu7oSZ8HOFrs6T9IbzKcc1w6Vdo+yEO3Wx1AvLwei+GcpJgZH4dMrlnP55/BOEFjP4HNP+zHhNmGlbnb/V98/4/Lx/7VrpsYOvS8dG6ZvZQhwvHrFPdBA80z7HDTolSTa26f55xqvputVA8+iPTHF/clYA8WkbnFjmNcNweo/nRiOrV/DUv1f8+zXo+j0c85SnpsPg8GMVmf6qrcZD8H/kgZ+9x0a6rpHHm40ZOyw5ndojGik0g0P1W/syf7eCGZ1QWXJnJdu9WkPyBgucm98Z6MPAvYpcZZSpp/eFPj1bi7bddrRWDrbPDNF6p+gdOdMgnb/SA+77ag7zOOTLmYlQYT3LeHRc5Jmqu+os1w/jkE6/mJPDxzP+OK13HtDp5yOd0le8hMkYOg4GmKBorz4jfVUfGOSE5GeCD+m9p3OR8j9NOxV+qnidck6bszjo3Du8bI/eSTk/2X9mzpv7mXUIg1OcTJG8Fv9Pvton3/M8vIpAnscdacnzzGTP+tInmlU5TMrz5MEmCgm9i4ZyfdEh3ZG1UXZyGYhZwGrugOP923bL7E/DPM0EV8/rUhlkXuv0cMrfIzx8jMyEIjhJmb8yW9T75bip+hwN0EE6rahTub6ndFjhkTi1MO7q2mPq4F3BUlczHJS+nEshvnKMGT9ffaP08jQ3eSthJbjCu5psoOH5PZIBAjbeHzqm6otO907qUY9hH9n42Wr81XjzOp/NW58d7zqc4H5yep7mN/fXrQ+4o/03NNy2KzpYis6fVP3nPLbyvC773gPBxCkCEcyjNO4J7zDfnzPcXr37uo28wArXn78500Jb7l+eTXHWtOmH81+Ok7qS53jx6+se3/78CTs5jfxPaK9P0t/f/tw+fbfv9t2+2r4dGr7bv6mdGYNfe/vzd2Zv2RIAvsYEnaPiz0zQH7usnr8z98dsCs+E1c/m0AEgDAiaUren0DQKPauW3u+Lup0l7LRSnVix8GZVS/ozJm41Lo3ws/C3p4FelHjC0KvCdWD2Q0Fw9FKUzkZ4oATnUeAf10xhlX83M9y2K652jeiziibcIgJf+1nBkUoXGgZUmCilTSnT3vtHGEhHI88qAqChInU5FuDRnXvb01gPq7FoMCRj7hGgobxomyuP4LA0M1wjYmt2oAntUfxekWS77TCzzBhRCunRGeXH9gM/th+4tEs6VhCvuD7df3UioJe4CsUUhmE0bo/nrHEesIjUfMQ676LMLptKRlKLENKkz5pDOQMo7vCtmm/L6OYhSkpwpYx0sWY0XLerp9dGKT2o8NnbFiWuS7E0KA/7wviJMvzdWSYhHAESn0OIJR7O57AMtBVDb6GgYjpqRmpRucJDUhFUlWGBeEm6sLcdGzQ6kntcxppcS6sU1gX3ctIZhDeTGu3djdCMss64+XQi8vTkqboxTVnac98bWhhFC4eYtv/WbtiwpeGRdGuDRMdHhoi3dsuI3COMsRyPteSJK/d+x/34iHTrB962GzqA+3FP+Koqkf9mPe7pDmXLFMq5vlHhkziTysRF6tjYCzoXkZYwGn/A+1wTki4Rh/XssgzFRxiq1SniYntk5ZhT01b2jPM6xchqEqUIAxWldOy6tVtmpunoJ2UA+11FvLHmcCrliV8op8EBFsY59Fwf50bjQoPDglFvgGdbYbpwwpFjDM4GAWzi6LCGMChfo5TBbtsIb6uzNWSh6F1wrkfUY9QGDiehOcp1qYzjejOiWL/39z21cTg0Rc3WdMqLdbbAg+SH4OWYIPXEyWlu4TxxVobWL4mj5rSKEaKeBeUqd4HPe+6L9/9me+L5GRaWNIflP/zejjThcad20fTy/qYjT9J8VPSZGkXS0c1IJwv2lYmG9J2KYKZ2PcK56xFz2sKhghkNyA8Ij0C+BhqpWHfJrd3K0WmCCZ0uSOuTBqWByBIfLNb73j/SGKV3AbPe8GTwLAN9oGOKB6xFPPM9bti5RoaIdTTkYGB70pTfXCt+fY1v7ValPDK7zQgv1m7+CKP8bCCaeUZGA8et6uvjnQ28MEir4r34TKXbvF/Pc7R0aqIzmvKCSvfLFFoK2IqmHO+tknvq+RVtAekUIGVfHAPSOdKmd+R35S+eNZ4jGp7u/Z7znZXeOv/hc4o0pAppgC2+a0WtNMp/mKfNT57lTB0773kxhOl7rzIksqfZALx+zvJ8rWpmEwaLJbiRkOdzkik4R3ViYhTugQPoeFKGDZFV7QLem8McONecQ81qdiaZ+e2aVxiH24Zbi3tjys6gfJZfx+ezPJ8ZhetcE7uji/PsCNf5uUuUMIMhInYfp72ceaiNMkNkNEHCqSWN4R0w45Xii8KAe+jnyA3fzVxeK6PnXBqi+Ict+DYapT0jYjleJdwFsXjHuMwr8hfvVdQ9S+cKlTvTYYJ7F/Mh/0OcWulbuAbLc+yy67Ozq/unv8+0JeVnIS2K+wNuB7753yzN5Li2N2bF+8jsaha8QTnZk2b3lPmYQYT6LuqQDMykZeJIPdJD9u338sRTwHJ+M+1fwbXZ4nOBz4r/AETWExma0q7ON43mCweK1EPFPvj5HA2K8/0MnPVyimOW/xn5CPKZHvQ1OquueAbSuJXcouPOaxrmxN9txL10pnryruLfgIs4Z2ZYzR+os1klCqfvYcOb81khr6GBIqv7ke8+WwfvRK6YwRLP2oq3AICVY8kzlmN9j2OAaBv4+NIXsqSnrmHVt+4haeaKJ5x/m2E58ziJMwMGPV/jKxo334Wf4d4Kj0b6vi7JrH2zFz375v+RPTi3z/jHv6v9q+bx2X7+2b7/U+D33b7bd/v72rdDw3f7j2hzqvtX7dlFuLokZyHEmbd1uYWvXrC8MJW5+YoC67P5r97xOuN2Yvx+ta/2hPlaeUefxzgrSOa2MZKOtXcxKZcXDOdXGpXzqsz5sb2F0sLTo+t3Os6J4UcZZ+aU0TAMguErAWs2nnOebiiIqFkq7+HRgZe2nwzT2lQw4N9j1CAjf9dpN+d1cmGjYcJOhkKDR14zha6+f2tXeEpu1q2OUbtnbnAF+pHRrQ1eV7dKHVgIw4TXKDSyRisimoZronOMsvuuKPHoMtauPqb9ooOCwfC2vYEGIyqkaJAiPFR9b1Z7wJizW6Tnfz9cOeMGlYKb05bj5MTA+Vyi7EHVfUcqodSga2Ec1M9oYPZI5fvScJBGK0PULPS5tolmtFA6MQJfU3Uz/fYhdcXLYFv4w5ItB0blHoWyIXOJWeEKejoPqTFjPlUU8iC7TiP3rIBPSIRejCmgzZBn0ALXOzq2yOLQY4/HjB59rbiLs9TRI5VuRHETfuiplCKdI+79tv1AGlmJ9qAqr8oi8FMqYXkHJp2wMtzf1TiVeFTKOlfEtzC49MQBOlkorrOu+3uvSFNmuqBOsyMyHNkY9an4VwZQQ2ssK/EQw2KPvjR2WSLT8xt3hOKWXNs1jZcXcWhjO90hqVz1ebMMh/885HvLjDPq6MDvqGVgtKt+N6RVT1rRs6TFFg5UzNxwdBosynXFwLtjjKgblDjGfh+gE4+ZhVGjDGxlNLGJ7pfylrSh6hV71E1lpSFGllLWjQstor2RRrE5Iplz3eDrpXLn5/GODnfw2MOJjzBTpwZX7mmNXlWo+rrvx0d+z/krr6XzUfzMOZo7KzAKP9/pVZJkwCvze+b3/ffA00c6XZRCt+aSCsp0YnAcuLZrGIvvYhx3mKRyHh152IhjoGNJy+woRQG4uxwLsJgXKd4ly5n4/Ob092ksogNE9JzOZejJ25Ce6I1dGOa0waxKjWRWizh/xXOMSruiGMjzlvwNxqj6+q/TuVUEfOHW2SCvd4yWS2m2naI5+a9ZZRm6taunU0efnCmKf9CxDsFjwgb6mdxxwwpmBf/5oWGe82eE3yPuQe7pKuKww8upeW3zI8spcBGDgjeU3HTmm+lu7ePI98z0OuUYa3DHoofQ0HPrOfZ2qrM8rh159vRDhfOBispWOkHnrQGO8hzv3DGT1mg84hxhiztpmNJ633i3aWmdZ8+vPp/lEJ3DHOWu/My8P1+Z9/xe3Y3AHtnSzlkxzvAd+5zHW302Gn3Z5jT283zz94X8P85fnXb805NDFMpZ099xyugOOu4omHjK82M4QWGep+5HZj6J7/fmpfAuUQqMd9U8r+xPxsv7eYJFwpIyh9V49bAlX8t3dN+4D77fW97J5PUo/+YdEjSIpRRPWakSBr4XOhZlkoKV4Lh14bHCWdgsZI2QHpVX5z4IPtCxT/mbo/fkF1Z3p/I/xHl2ruU9eb43iMG4F86lY6+UAiHdS1yb9memT4VvGMtnwpY4Ujg28oyjE0rRX82+yO/LsTacGJT+RCatD2aATNg1RanBcULvvxbOEu5oykyOPqt78Os6f6UzLfDReRhLPLb4feZdFZYjbNdGW3VWmWELrIOf5pbZAZ46qjDfxpxdp/B3Hnu1pporb5Uxq0PNZ8vnjoV+YQJCwnZJZ+Xv53eLZSatcd2LeyWe+opz4FcaeVYNupqdo8j/zo1OtjMPNOOQfs5zvPxO1q9OpzNcZ2dX3V/uh443OiQ95yMLIgUH1b+TTjgvOb0lcDt9vljFPHeOcW3XvDtXHM+Mq/ru8xWN95R+tsKlFZ1cvbv6XnmP1bzmO5k4pDpd5V1f79V/dvsc1/4z2q/O8Y+u6X8CLL7bd/u/Y/t2aPhuf0v7yqX3lYtAGSObfigQ/eq81ID3q3OikPeM2eLcMtr1i/0ycsSNUmumCcCSAX82j1XNsmfMsc6xT/2s2kOUD3+0rZQngBhxYr5Hf8AQilZRcqchdWJSL6F0pzC5EkpM/lbBlYzwkDqSTgILmPVQAZQRyTI7wzNPbPbF9anhZlZScoxZCCMepgjcS0mkghUF13x+2s7SM3hkOCOF3Wi3DaU5trZVKYownnW4IorrZhQmUzerYoCwvEcE64+MGu7D2hXOdLyY5815UZCgMSnfD2PdYIgwZFRTGdxpyPJo69xPml4pAA7lKpjpg0YM4kbPsTO62kYawDOOSRjl+j3K+Hz+Ff82a3jb3mAA7v0jI7sAy5Tmd9xdAWherkPxk1HKihf+fp2HPdJOq2n6NKdUTJEmOT0ecFjP9nRW6xydBXWWD+LIhpblQWY8SKedzn0/KxDq3FQaSmYn4foclWov8uyYp/g2cUJQA3PucWwpU6bS9NiBAQ/Z9wfuWYN4iNxCKaMUd6k0yYwfkhVmbzuuYVhnRgLNoHCJMi/s97ftB67btdKPo6duOxVpcuaIF6MCKmiSVfabDncIKfowGq/5zEz31PlrC0XfKq1uswY/YpL1ARBlqw0jcS46j9oz72GPer1mRevdGcJT186OZgCGkjxemuQOGuaLV0EYZo/cY643byEBM43E836x6btO3ZjOsw9K04y67BBHjnVtZP5NQ8puHm03nzMqNr08jpdOoYMMLMrcBH28H+dU1Lyr1PGKK3dcXmWwKIPiM0UTu+GdNcOrlOL+/CP307NZXNslsgz5XcO68m70KEMXM2dUDVofk2WYHmIw59xpmGpx5yn9ZlYJnT8dk/SMtaCFXFszw63dEkf/efwzDNXHwIfoPA4cQYsKXnRoqr3xiHqg0klrxBHf2yL7AnmsAwcexx2w4s/TiVBoF+/D5Gkiq4fygEl3cSQ9WCokO3dggQvRRhgWHcx+4nk928xu8n68o0xcI2/CvucMJm/t5pGqxz15jKQDE39dabrpGLSKblNetRTQ7K+HYxUjgwFkHXkYojyOR3q7cajmPNwpqIhvADmTFf+hbRXBqvjqZUMeIw9sGOCh75FfnvdIYTcburXuMM+2zlNlJdInzdKjMqXCZeZXeT6T539moJK+Tv0gsqlEGTMdW/n7VZ+677y7Fg/mCrIMFM7wfjW/GfYrnOQo5CPVwXyEw/j3/L0635w+x9lhlng+n8UTGIKJWWUCcV63CR0vGlA8XZ21dF4J5+Me8kNH3bczTnB2Stfq8zH7n4X+woy0t5yknCdvuNhlWPNAQ9o29Kvj+Vr9LsvMDMEfr2C/gmOt/4j768g7r4kDXq0xcAOV/UwdrZzHFniZlLR5gtcV4V4ZBLwbGtmrZJrSLe5xnR8fW7+f94TfUT7jPqtsQLnE358cldFw7x/Jcyksq0RB7dJgWGTmN8JKdBucYxrIF/ule5pZmdJRN3jHLk62iRdFV+hsTOcVAJmmXtfJcdR5bM7QmLC0VryHCb8b8+Jd2EEnoR7nTPEa0PT2nC95ZT/JLec2zBUVPPXsTpszy+T8E9eelRaos1a0pT7Rtn4fg7xMh2OHW8Crr3FU5zDciyJ3JexyIbU2zWDx7O7JjBDy7IrWPGuc2+yItoJJZat42eUvNHFCZZY4VHkPzm81r2ef6Ttzmx0K9dmJi3a4BL6o89BqXL2/hz7IC8jjL+9FziUIQsmM/Uzr5B29Y/iZnm3SPeJx4pud10xdPYNNcj7THGd+6BmuzTwL+9O7fW6vYPTZ9894D71Lar5jYEjCXc7Rv6J9dib/inf/lfP/lUDXV+1X5/h3wO27fbfv9te2b4eG7/a3NBWt/0wfLwWJJ4zyqqnQcvL+RykA5s9W7VkaNn2+mabSPyvP9B0XQPdU8n5WS+sr652FuprXmnGeoyF1filQ4ixMp8L9CUxetTniaFYylLIIOfLs+e+ZErZBgbW3TcoPPBIPtU82ZZ4vkSJXJpT/0hAzK6hoRCihYzQ0jt2N+5/CaAjqmg5YYaHCNYBSdoUSDNEPhQQVbBXWG8rAQoMGI/f43t48hfVH1J/ebU+j50cYbUZ9ritBru2KW7vkuxR03LhKhXDV4P3R3vK8fXSvs721Ef8e8ZNaGdmvvW1g2ksKhoNiAziXKIn9pytEszYq0cP4zznyM+4FBaVU5MXZ5l4TA5kFYRCAIr3A3rY8L5oa1xVOR66jsGXEGZ/HlgrHj8GQVuNRuNzbPmXAMMxpfLc2Ki4AdwryEgc9je4n2mAyM6MStJWCGKXMpJFahf7KUhBCfxhpOpBOCqTLe+AtG8fQ7DDAOR2wUiyzMkZlelpQ+PY5cN/2dKiIdUX2DTWwzMqdWaEBVMkM0ohZiXOJsgu7eerW3vuQinbA29jzR69a8Bp5Vw4Aqlz3CDaPpOeeO14c/cB7f89oMj9XezpyzDQPMieEcmwPpfne9srqIaneTQyj2oifAPAuqeBZrqALjgxjm985Rz8yIwDbpY0GKz6/iUGzUk7Xpnf0jCTymuPuQLe3LQ3RKyUN8Y9ZUOggs9nmGQ8gDkHmDmP+2THsBeksMz0c8LVpvWaFhaZE1vty0zug15xrruc0s457e2az+YhU6ORfCEcaKZ1+AP/9+O+EORVjW0TCz2VfqBizcD5iphU9Kyfl10T3Zhj4nCwNlSdHqvy7s1N3FpA0yLd2w9EP/PP4iX8eP3HggatdsbUtyvgcpwhtVZxxLxmxSie+3Xb82N7ckSwcSXjPbLbhrb3FmkFtZ8DCkkakQSRorHACgyGkDMHH2aEj6C8jZ7WESUfHb9uPpH1UxT/6IzMp0bGDGZeU3jZjWbMejj2lnFzxnJn9ZTD2+7o9k8eZt1zxyrORZ/Xc/P4ATyD3yOQ8N/N04Y+IOP2Mxx5w2zb8vv/AI+hpXIay/pb3DYCw6zi/Q/x4prBNw4Z8bfLZ1a4weJaMzbxPOtkYLMtRON/Akg3aV41WZY/GNa4a+RXOJw2XKKdsA7MSNFJ2kCcomrUNPBbH9UwZhEvd5flunsU+OGvo/CgDWJz9i+2ZhYH0ZaVgJl/agmazP61R/my/nv2dPCQq8n8lEy5xns8YkjfYbR/r0uNsUK4I8eT8AL6b1OTzNtNjzWjg2W8uSQvz+cAJ/3vEOt7B8/B8b74LaJimc9azORYcnhujLO5n50vE2AvNVCZ3vNB/rQXep5+n/OAEw5xr0HC+93HccccjHCX9ruBd1APH1TiIoF15zw/winNuJRvNwQ0zjPk5f8/IfKsMS+UQWdkqVOLIDHrCu9W6vVSClnbgbNRAfZKb436gs6fiAPkgvZN1PbAR3pyJwU5l1QpT4xNZN5/o1sHSiJr1jm/OARdVaqn2v3RM5Zyc5YxIB3vh4kCb4iDNznQ8G4j3VM7vMkENAPI7cJO9qJWSlyPfodCZHcxU72CojFAO8hGvSD8bAgY9ZFmYO4Qu+FOOwzt7M9HkGfJeYWa/FR+pc9AzyPVQntYxhzkY8fdMpynzUhelvK9xT6e+67zGvd7HYmSUm1brmVvSnaSRBb8Zr4nD6iR8OjO/2FY0boBzyK2zvvVX+p/3jXg3nA15vpnrnRSfQXp56v/Md87r+oXJSklKbzxVc9+lp3jVneLueIfn/SurejXnosKnKcv7ymn1wOlZn6Jz6yFXbJFlrmgOS8lwSudAvMr+cj6z4/rndREfVmdDAxJgXw8AfB7i+Lo9w8F53rpHf+QcfHUuf/Z9dRL+d7S/AjbJX37S/iy8/kib+cLv9t2+2x9v3w4N3+3L7TPC+4o4l/AIzAzdnxl7+NxG4/+z+cwCyvw7v6ew+pUL5ytjMd3wqzSqe9S0U0FeBUAXup4zZa/msRLuVPE8P/80e4MIS6oAhsxtKVh84m1ZaZaLoXy2RxRKYDMcR/VMRh0AWf+WzO3edtza7ZTKmIp/VbarQPgZi5V7ZCNshxSVU1PDmhu7xvSWr/CQysKjVzkJCvtUcl3T2QG5d6zTTQMaDYLq0NAj6q/BMp29GllKeOZcgB/bG3bbce93N7B3RkUfHh2YiulSRnVz+LwfH6kML2WvJm5XA/2ooJhTgl7tOikPSskLVBQUjZ5URKRQN0UxNjP82H5EKtRSyLkhGTCMkZ+ENUs16Blk9opNalhmfXmM3vqqvJuNRGoEp+NFRRQVQlYEvIFRXx0q2Nd5cseO0QhJBe9DlHQrWqNKn922oSxIOrP0DlhPo9agoMspt1AyTooHc3jc2g23qD+pGVz0vO0S4a4Cbg1ig/LIFR+XxOuOno4XzbYoHXOBGmQ6eqRPRDogaFmOI/qn0e9AYSBhSkU6yyFwRi1goAYuXcduO7a2VZkRwY08n1YqFI66ioj1szpF4pufoTLihxHUxnM0wr1jaw1v7Zq9U8GpSg4tJaRjPsIBgrSTTkIcV50qeFZIr/a2D9GuXHc5qUx3Q5x3lsUh3vGc3to1z3+L5+ZyIUAplPVsDo4XQVMGOolyXmO5CgQtgdFo06I+tdPNQbmU92+thc5DHIVOGZyP4nJGZC0UrDDH2zvuQzTqENlmdIq44yMi8jOtfOwNDSeD4lfujiPSLdPYMhpjggcTRdhwD8e8L6E05p35FnfPoxeVS16mF7wMknkguBODZ2W4pwHbHZeaWZY50jND3oO8zda2vFM+hCbdtms4gyFqS6uDl5eKUMMm58z796SgtJGfszA0PdJYfc5wQZi5I1gpHLNMQie928Kp0elqZW6oskEtFZV94HEevUc0Kg09o1LUUGVNru0S57+XIdwXk8bNpcFAfhSnCjRnLomZMYa7Rvqi8wJ/Z6aDJjg8N313hjFLlHiJp8fgeMeFnvjaANQh53xeieNc0JgpUpPr1HPi+O1GKuLHfeJ1k7bqLhn3aotSQnVnrO78ka/Zwhlvz8xS/LmEo5SheC4DIjOH8wfulFv8njuD7XiEY9UsP5zkiQnU/H63Hbd2BWDJFxjccEbYXdq+PDeDQTsyj5CnW8mNK7isGu8E7pi+P/AsE86vZBA3dK+N+7mzafAQmXJyZlUHsdW6dA7zOvV+4h7yTIwl085wOp/hEXYqByl/M0e0ruasn6VzB58xGnKdvyEfzUV2lOFonufITYxnY94vCKxneJI+Ed9np2rAeYz3/o6fhztIqaxM+sG7X3kMddjoYIaq18EGz/E4ToM4zqS82ZzOVFp2CUawMl4bmKlBHILEYddgQ2m4mUexhBkN28WTlEzkO53GxOEeIcyUH2N2Ee/b74rPgmeKMnS4rMixyHsq7NJZOzMX1f4wkxffIHwzyht1dnO/cU49D8x6BK64nAB43/MZ6jrIt2k2CaUNA98r2UhmnAfGEmd7lNUByrGqIsG5alIMf/fey3ld12twXunSdlxYrhJzOndf06VdcMdY4lNlLYXVLE/UuM/oYM//ns4/5W7yzRN9Wjnr6bt8r3AJA79HeM8lk7i+IXDCah4reriiX1/J1vKVxr1Czr+Cp5SnGtb5hYGTl5s+a+RTp/PAufBey2yYQGUx/cK46sT7as26n894g5mHaqCM/NwJrnDrrAfkc4PD0ou5DZ8GLFbBa8CK31qvTZ0AqeekfE/d1iE8H5/PzKfEaYiDJOmW8EifwXZuSkM1N+yrfeQ6/6o207H587+yrejVHx2HcsxcXu8/pc3nZI3jfPL1ns849a+Y57Pvvtt3+25/Tft2aPhuX26vCLM+8/y7tmTyf6WPZ8/Nwt6zfn5lzIpGW3mN1vNVHxYnIUMbDXnzmAMTYmNEM4VmMrSs0zyZ+bJROfNsjSuG5xkjTAF/sAHGHF3ZPhq0GhVXdt6HlQC2GnAbDBjrNfic2ykid8YBzglA1bJOj2lnYLaILJuVeurQoGsn/q7wrD4rpZePV5k5XPg+C7vKeFMpvNuesCQ+VJpaTWFJ41IpgDQ9IAx4a7eYYyik+ljOwICMCNJ2wFMU7213wxWoAB8VLzRwlKgfESpzHWKUUKqKmUcYko44I64cY6aDs5K5FK9IA0gPozGjQn5sPwBEpFAIjFUeouG23WScwhkq6Q70VLxf7OLGbCtFHR09qCThmRgFMQhEBEfNo/A9OrlPSkzWmy2h/9IuEf3OPS1caebpnO+inC8RsNNemGe5dzGiYFRQ1ftFKZgSXaOtq6QITs3xlBHYh0/VDLu5MoqKJkYjjXjhzgKz0mdWeRC0GnFKxWni2qTIVHryTOnhThiPesIUnhS/Kwr0wIGL7fjo76JQjpTZqCjpzbYsC/LeP7J2bq7PqmbtQ84L94nG9T2Ureg9sm14Vg5Gn6ZqV/a0Bw0CXPG8RSSWpzhvYXQbM4ioAuURWW3K4ceGfeezXmJgw61dnV6wPIzCORTxj16w0T1hxB/hwcjJSmfrc9ptw4/2BqCcotRwSOUksWdIWQ0qFuucdfSkG9zrjqJ1e2b9WfMv8++XyOBx75WthVisRnaHqxvtGLldcCjT3jOchZVDWvIKPNdyxp0GWK6P/V/bNe9As4Zbu8LMs+HMWViGO0/uUP5sqWQuJThQkdmlzK7+qADmnaUR3LWPTei978W1XVNJNiikrcoScdyjd7xtN8DG1OWkN2/bW0JanRupODXQwfRspCG2GAy3dkVl+an1vbUf2GJTmKo7CDKuUWaARgagUnMnjCbc8n1E8lReWuaRhoBl9hyhoi2yqJRDkN89j36AqaWZlYA9dZPMRmaZlYl3Q08Ikq5ZKtP5DoJGaHugnP2u7Zq87Rx1qni3xf5nvxiNEx2V+tod/i6e/WDKyjBGYo/3afEojmGzoTffn3ngUAK6o82jzvEps4e/xVaQNtnjWtMsn8w0aBX1SNpdxnq/XbY2RuQPxmRdQxiOSKufzZ14uLcty2akE1ZGCbsTTBnMaABsSbSu7QryLTy/5BPn+tUzDGY4nXgw41ny9kjMc6jp/Tf3w3919JVifORT7Oln2gsNMfO+cU0jpMnGnnHh5DiGos+Km7q+jIYUXmHDOjr59K+NuDvKQD2dGFfPnGEh+Dd8Ohp4sPhu7kv3fXbC0dTTisV0niFuruRUdVIdzvzpNCDHolP7zPtnlhU4fXprt3SsUefc1VqVX2E2nhkuOv8WtNLLAYkByew0xme/8wwxe5fuOXnckh+dluWZM322gkXozDDPnU4XlOfmdx8qW0ofkLXxLlL6oHvF+3kLw/scRTzTm3kvYAqDkpt0rxT39CchaygjOCinjFkqHB7nO5G0cZxnlRbJUoVWeH4EXS0ccVzsXcsOAHu7xPpKXlzRvOrfkhvSbDwt9uEx8d9d3tX9V7hR/1EwbAnHAwc+juDziJfZs/87lyyio0s9HWtXGk5+NPuqNtMw3d+6h4snmPeGJXk4f20aELS3LXkhE3k4z588P89dafzAUTyh1/ku/z6TvuGZzIbwiS7PYBJEU/oono+CHef0vB/9PWm6ofAT7kQ/w2TYK5a0CRlLHb8/Wwf3beav9P1XMFmtYcSj18ZWoJzTgedzGOjoYszZaYE0hDpuDeCa+9aWOIgqG8fsc4DvDXlGzRbKPslbDxnvDMmP0DGJnw80d1rjih8ZYGPyOzDRoTNf8Xe11V7+1X3Pv/+R9lmmZd0Hzfj3V7fVXq3w4lUPn/X/r2h/5V58t+/23V63b4eG7za0V5f8X0GQP2OWfrVxtl+91iqN5OvLZvjuGbMk31f6vCYC1vmdzbwON6bLmHA/pQ88jd2XzHXN5XUWBDKUwFqwmZ8bDdUcY1TqzALUanwaNpkGe+XtTEGetX+PJzD0SK49BfRZwVfzd8W7JsLUiG0Xmrfh+3h5iih6ja9aKbEiZUdBk1H07HMWLpoI0rftGoJXPxl9C24lFGqdbT5Tc+9glgpl5gclWygVMr07SgnKXaWC2aMWj3QS0CgNPnswUhOVipOqRIv5bdbCUErFls/skcbkQ4Sb2lPuAw0PPQ9/CO/mSjzu1hwNy3O3tQ1Xu0St+4CmlWA6Glu7C8+hSMtMFQEjOhmMSv8StGiEVqU5p01cGYQsoyKrUvhVxPaYuQXoUgceacD2s5SAy1SBqsAxbjxGPK/oGEuD1aPfcxzOhbVzuafahxvAKuUwS4hotgoajLgn7rhRkZ3EDQqmauDxdLcPoTpPWsDgiHPg0RAL4djKWUgjhDTaidkpUsEUkPsIHAL8HDPa9yHr39qGt6h1f++PwtvoZsMWGXwKZ5m+HgBu2xXMkOAGxjJiMINCs80NWAIvxZUWxltXPngGAnWOU7rI/Uj8j5XwTOeecH0Z1XZE+uGKUtf+9X4b0q7Lv7PCtOWcBFODpno0+R3AaPRyRfgWCs9RUTorOuo89pwFn2e0uZkbysdavjXnwZiUdKYiSOkgNxiFY08OHFl+ItX2kjlE79RRgcVzHpH+UR4n1ZhmYkgtxzqHvTuFvG1vqcz+r+33KpnRj2G8E6/iTMBEN46MwqbzU4Pew2Ofc7/kN2AVbfpje8vIHe4DgLiPJHU9Fd2Rdpowe4RTRWM65ZOyzJ06PvqHZwcChvnwruMdNczfyuGF0fxbOLEkPnTSeKcdfiYqKweV9vf+wEf/OMFoxaMa3Hj82/YbOnpmJnngKOMkyhEkjXtW/DL5oHLQOvJeRtC6cooK/mAySjhvUrzMoz+yRBUNA8TxhiqhxA66/E7DjZcWGI0RM94R15SP7dNz8kfNHxMfpYbccESpdN/khxyHlZ8DnM9nSR2u0VDZdZwu3wcnN8Urx4+6AJRfUJ5KacuKjikPX1xhrYvlfy62J7/lzgVtiETPfk2U3GiR/WQqf6b8DSz4DJ6/R2Y4MWj9deehHml8dFmI+6DOYoPzgvDiq/0lzz2me7eBHijfTaNuZmhgRgzjE+s2y0oqQ877yz3OiHwb56uwmw2yyntTDuK5necy02RYOeOe4bSSp0bnXC/tNPICWxjYXknYyQdbHLa4G9RRfkXHzv3EvxOe8zPBuAGWmvmAf8/z5X2FnCtp4+icv8KA1WfsI88xz62NZ3G90FrThsrCpJlQ5rESvtOcBvogNIEtM830w50NxKGf/QxRrGKUyHNEvltKLiRM5dlru6SbkM6b4xQvbQPM534GvKYBeAouON0NSjfZn5E3bemQGh+DfGvBQvYt5NWVnkLPbxPc6agyZat3yjlSMyvUOvIMohwa6VgGkaWYZcDXfMYz6h+AKauCEbZxRDM7RscgiIAyZ4uzVCnmVwZRi0k4fm6l+zIkH0A5oM7o2CrCviX9Yd+3dsUDR5ZsowyRmSZgwz4THqq7YJv1PEvaJOtxtDDMZ/IZLVvRHsWXQeeyaOVQhqQFHRjkyPzXpmx1oMPG2uC9prjeZp0o8eo0P4xGy1dyN3GNdy24b0u54gxfAx3SWf7rWg48SQvmbDtjdL+OwxnzzpvXoLzUyNvYcEfwOzp8rrJ3rWDBsfLM2EgfR7iNckbRG70D6js6lCrft8IBXZ/eq0AF+pxhtl6ProFZSjs6ttA1cq/rDMpdgtI1spUMUXyg0uelLIDCnFc6etKj2dF7jSO/3v7s+786lu7fZ/NZwe5Xx/usadaUz2jCZ3P/M/P4T2w67z+zD3Of/1Ph8d2+27+yfTs0fLdfap9dpCEG/UvGoafs6ulXrWFmwovJb5Jd4ek87PzZPD9GDTgDti67UALhmkGb58p35gieObL1POf672o9Kpg+Yxap2HiIca+jIt/y2ZcM58ysAwjFyPm78e+VZ2iD1vQyjB74/l+N4h2Uu8Ecu3IjDD/mtRZZKzmF2Cld4OdtFCYatslo6kaHq108dfUiXfAIJMeDe7+DUeBcw4wL13b16FP0NKikpzMO7HbBdbumQUUFhUExbqMBWYXzwVgghgoAgwA/CxXeF/eWQtkWzh3THhsqGnAB9xTYQwCDFe7OSgrC9d4fmQ2Aon5FPrNEwyP705nDxpXTGFORy0gYa0T9ai8JTxXmKdipM0rihM3433GxKI/RH26IeEKvytGjSwQxoyhbnplQIQ3r5LyY+cQwladA1fPsYSj0fewng8LcmkX9bjzQQ2GkZTUK70enLh03S+6g5R4Ufo34p59VbeIyLvmZQX7WwpCz256OG5bve1/DOo3G06JzLYX5UUEIq6jyj/4Rqdwh+OF4e4mxT1F6BlFaADAaGzbUOffsHcRFptu92jXh6DDfc00dPWqoItO3ylHNv/1Go2LZz0tm8YgIohYOSoh5/Tx+4r2/gxkX9lRGdXh5gpaRvIq3qlDXeVCRNhsveq/z50plV35pdgw9b4Ozl7mjz615berqZaTND1QkJO/ArCcNida3clKY26xUYqQZQtFy74/MnEGav1Kkr/oG8aftYXj0tW3YcNuuoMEuo5LM4cY0p8zAYWYZudzBjBcLZaPZycjYUGUE3vs77se98DbONEunPFM+UaGlSkIvK3N4VpP44fnS2u98n4q0VG7HOXjgEU6QfmapxHUnkAM/j/cTfGkImvdCW+FFGZO3KcMEADzgTk/3ficjlGenoxz5tNzTikcizvyf/f9k35d28bXL3VlZP/zs7W1PZwfFUUPxeCxtRJrPUhPKTyWPIHfx3rZ0XOFMZ2OVKzFrfIUny8Z0HOHUcT6DSs+JT8a+ehnlNvPSH1rCo/ee9Ddpq9CBPWjrA8wMlIOCtI64NZ/DQUmNLs6Jvc7JxEuQh10Zn9U4yduOdF6zD+XzuTdjP4CU1An8f/QHGty48H68Y27NWJYlnFIjAtpsLGEyRyPS6Mj36PRGen6xS2aQctzxme7Bqx4oygvUWCeZImj4pV0GBwvFy5ojZYWZN29QGlTODbHhwrPNrWB+Nvjo3aLnlI4C/H6Wl+Z569xs8f2wVzLWM3lS5zv2PZ4t7WPmp6s00NpYBq7NL7N8oqP4vBlv162+e/W88nx+fitTH+/10VlpW0Txsx/Fh+Lbyuh8nkc5V8Q3NKSj+KrVGtjnVliYeD/v8Cyj871ApBfQG/kMGNKZgf3tRoemyUnJxBmaP7KvMwzYCPNb0Nfk2cl3y3TT4X+56pqHrsE/03XWj67dUl71+TCvmqnBlv0bQBqtuKO/j6PIbybO6eJAuLUtyuoVhdAzR4cFC96MPNGBBS0wz960h5My7+cK9iBvizS4DjMljyewHc4uabZ1p/lGmQFoqIxRG0YnA8z7IPvFzBAPPOQeOaSkFJ8rx1U6+qYzq5xFL7fndxYDIHwelRlLfwCea+KLne7eAdde0aKkD/5UZVg78yR6vxjoPIL8bMWzZ4kEgSOSVz3KsZiGXyv8yHFkjJQFp+wxSSttvdpXMLDpR8+VBV7MMrfiILvOHeqf74OeMeVpPHOcBX1Z7ynHmO9XhwFAWb1gODqE6vjEsHToWQSdZLabT2DIuZ0/P+uCDc8Dzgh/JYYqM5MeYJqPrvM0V8PaoVL38cmaAN4Dxede2yVL1anclO9YyEonXODaxnHm7MEzjUPwtzM6rOa94p3nvX9JE/5gK97ga3aR1f0G1F6r7vbV+39nWzmQzXMC1nLt/Nxnc/93rO8/qc02mO/23b6bt2+Hhu/2lzZhH//gu6Ngd2Jgpu+/1O8TBXoKZAum88TIz+9azUyFKgrsM9NtWNS9XPTp0TCjkKRjrOY3KzoZKbMaQ9MiPoNjg6eonQ21uW4RoKmQXLWZceQaVkzkqERbwGbYr6rDtxLkX+FfR480z5VqPdMrqxJ+AT8gjAcsKyC4riyoOgfUIlyAUaOZKiVVkGCU6YPGOk3TbUgFKVDpxml4oVGMUfSXSEtPISK9220UhHkOGBFCRSSNUMNeCGwU18+OQwKZUHxc7ZIe+0zNTZgzkrUDg8JPIJvwVqXhLGjSOMoISnqQzzWdaWzmGSJeqfA64CuFeVP65MohnkFmYzgpOaK3QVAMZUuW8BjOGlLBaGFYu7R9UBiyf20q7GzWsqyAwdJQuhFzQ9GnCkfuAwJbC78L/AafFw1pntq15nI64zYJc6KcISw6OhiVPj+rEWSpojDgahe8bW/YWkQ2odIF89/ddvy2/cClXaLUg0cO/r797ilRrUVqTMu9KCOmKzSYHrGMVTX3ZpGmPwT4zRq2FOYlTXvMjynn08AgNOQu5VnS6z0Ujpd2CWXhAS0Lc6CcA+5htFIY0BGCxilm2kjj8+GlMqhUJKZq9gQaOqnY/LG9RXmJlgpZKkZb87Pw0T/ytG6hhG1yV7y1t+ksEk8MsHIS6BJxT5xOHLPKZkGc82jkC7aISNZzLCiV7WIXXNs1ndo88r8cQBLvOktutIx2S4eg3gfcD/TEZns6Ouj5AGI/uS/hhMCVzFFGxAfScu5Prcf3+W27ZZmLwuEDNK4r78HftZ+CJVKZDStceMYnQfp9ROkDPnOJUiiqtFenFO1nXjNLLz3gzh50JlPcpsOGOpwY7JTy3Nfasdslyy9ZRG7emWocyHT8jAqju4w66aoSf94jnluWCAIsHQbUMExUOOI8e3T0ON/VvQtD4PcWRuLKUqMODXvbM1OMWcsMUZfA88ysEI6OgBs3mGnCx3Slte5/3sexgGu74i1Smnv9d/IgNRfnrWpdajj3JYYSd1Ji57r5MyjPkfS4madt51k7IuqU8KQzA2HGM5vjCH3x+VkaPDXF9Xzv6p5oqmcAmaWE69d9ZHadWcbR59TIz8+V333Gtw/9xPo92wbyvrv3e0Yf656og9BQxkl4AlhFhnrpj0veMQceeV+rEy557aLFVb4IsFCAl/L6xNNg/FsNsfpMyjfm2WrotDRn7gGqJFRDy9TeQJUdmveDY6hCWT+D8DRJx0581Xb6fFZyD3TQIOXSzveYljqccSydJ0JeGzJGyFn6TP591kbePNYissDwrq6XsErepPp7BnO98/VpUgjiqb473yUnGQEtZUjyHWXoLp5T58t3SdfZJ53ic4+GpRcdIx/OGWr2Ol3f6nwrX0/e/SQHTHjJc/Bje5uyuHnWFMXX7EPm7X0o36DrQl5itcYy/KUMZePzNvWRfLAYGDXApPamDXd/OQdVU3ioM2YH5QqLABaLu2PWsyjeVAAHo+XdMfAijljTfGApX1zaxR1FTfUzBe29bekkPztxcA6um/hIHQCzCn6IDFiy1Vg2p3bsfL5VB1SbwzvAS9iB+261p6pnIt2qbD6osmldyrOA2bFqvu6U4Q8cqo8Y4EQkCUfXkFvLFaj2V/ffHbZ97pqRcW5KI1ff+dAcbwzaWN0PSSvyTJOXaAkfnQX1MydnndMe1t44XgD6woA3k9Gd7+V+P+EvFd8Q81TZMa6ior5qRJ8CGYb7xSMXTs/NbXXP6L1Emecj5PfV+8O9+6JfWDlaDRkCTzxH/Hdxt+rzq/sueREUTVvPd3QgKB5mpkWv2wpfhrkmHFviKN+b+5nXsGozPdF/ORPCd17z6zbyUrkncY0wmFHvpg2l4zpCn7ia93wucn0T//FH2me8kvav+/3VfgfcSn3ies9/ZU76nOqy/0ib57OaO9ursb66D19d39/d/uo5rdf5dfvXfyKMvtt3+1e1b4eG7/Zp+7XLoy7c+gun37/y97OxB6H9S5f2ua+ZKaPiri+e+0zBpsya5d/jmIYyRj9jPpsIEUOKWxE4KWSrUD+nAmS07YqRxoJBXzOASEEZCotgJFNknoSd1bo49/N622kvmYKZLRWtRkPRQrmMSTEDk0iJaT4W5R+sqtUP0T3+0HINhqoBPTPz+lz8MeCNGw0fJ4H4GZ5R3NG/E4/iW+IB53TvFWnLKHj2dI0oJjqpUKl3a1fccU+jHAVjVYDOQgKVumZjikv/rgTnwumqn7i3DRdzQ0sUMRjWXhGmezr3GGFptaYVzhF/dolkSQeAXkYyVYwmrM0jU2Y8GvcDOScEDHcacqL2ejdktGrtJ5Wu4l2dwpoqYUoppQpn35tWinkb5zQb8Q1hiEcosuNfGni5+hI4RbAzFagnoTroF/+8tSuoLORKl3Q/lIG3do0I/55GJzoMMPPIbht+bD/CecOfZTQLjfeE7a3dIsV9S+VfA8tzRG15JsFNY1/Hbbthtz2M8lFGBPeIZIu07300Th/9fM4dzg2/bT8iAtYjGdNwJtC+bl7egSVOlO5qhHHime24RZ14wuttu+HWrlk7Ng3rqVw66uyJIe5AOQ4RF2/ths02vPcPiXzyu+N8NxaKXNoV/4/9/8CobM11+tnfzQ31HzRSoWGLSHE11B840tNcaekROJEZJJTOCt57KvVLOmNwX5wGXGAAPo6Kxtb7XWm2Gg4/MlV6ncVru6BBDC8DTX9AqRBp0xh57bRsCzr5kGg0wiENuYZhLdr2tuNHe4va9JNTEyycGdzhiTTPYcY7o549XYuGLAnB9WUK4InKzkYP/df378j3Lc6s7/3DlfgA3toNHWdHCc0oY/BzRDzylMNNaLVH4me9aIxGTjUkkGeCaarYyMwDV5Ry/oA7Yfy+/+7n4/jI94lDjmN1V+ScBcec1h34Z/+ZRjOn6wBmIwcV4HbmlxXedCxi9qb3/p513xnNl+8BuLVbRHnu+Ogf4XDwwD3O+xFlexjJDrBEB7IMwDOenHhjsFgr4dzKSQOeraIcecVRSTJYcU8rkr1SuecNGgryTMUs9JjZdvwcVcmHNHwnH1RnW2kJ8ZZ3MIKmejYDZEr4ExzkrDCSkvismX/mRjybFXsrWUPHWjnS6Lt0FNUTSxzbmpee6LEei3mzBFymTcdYvgwG/Nf+X7jGXV+p+Rn5HbgEd5LZIxPUkJUAo+OUKr570BxNqT6n0qaMQ3zLv1H3XzqxJn+OinCF4prye23AB2YlId1ayU8um5W8oJHaw/kT/g6A8DhnHomOodDvFkazk9yYQ1R/hAWz8aQTnvRvE/Pcp7WqzKZGfoX7ILc5gz7OCWdjjBq5yNNpJOczWqMOMjq/ee519tYymZ5Hw7mUX0byGwZ4DU50cGc18K6jscV7LxouS8m+BOeOhR5A8Z2wppylJTEGHOJzMpbeRwDiDo29sbqt678cf6FbIV22uqlTIrTx/8lJDbxy0XPPpEGHLPJxdacqHeC7QGQRQC9n+5wJysg10YS9bSl3EjLMFsPMCMPeByzUEaOBJXcs5sksYVEWILKNAXUH0CGfuMX95j1P3CeeEie4d8r/qRMYx6ZsQRkxIWG1OwL4lI3YjztVlVNAQ0VXGwzqBMz96MGzkp+HjRlMWFJowBfu3XBnlPNGTzwofJtLAXIOABJ2XX5U7uH6WSqJzbMuFTaxkT898Vv6tyHoEw2lzsvrOeF76TyhwSfoRRvEIYcOOiY/eqdwvuT3BIWH89qCHs0ZjQjXhK+cGZ238rQ91st9JY6OTiF1L5x0Zjmnlo4xPDva8l5POlT0WHm9DVvRYTvfUQr71f5Rfpm2HYa6157dEzmrmPuG8Q7lOlSmUkOzfjaXXZr3gDBjFiMb4H1eK/Fp/gyDvum07Dgb+6ATJJxmnnLei9Mc7KxzVrjov87L1bvscwvHiqLbpDltgH3OwQgrydgQ/VTAyZSFSTCsnHBGeV1XPp/ruZ+5kSKuv1233ENb7/Gzd/JdwwmfPnvv0/mEzmqVGfePtDyDT3H51wJSV23U4/5721fg/Eee/SPPz+/+u2D0Z+b93b7bH23fDg3f7S9tZ8ZQf0BRuJjATy527W+lAPjqrJYKFsxKoxK4zt7u1WaljrZSNvTT7D5dZyr/xnEHJYUwhU9LI/SzgL+ag6Yr49/6JD3uWXeawhbLdKTODpOSYWK4L80NTFvbcGjqymRS26CsqF49qoz1Ex8SjTjDZW6MaOe8U6HYy+BksqZVWzHzhPhnjUw0Ekb+JhW2BJ6uYVQSrD3yOQ++c0SqZjOTaE0a6kRJbFXnOgCdfdHQ6wanUhbsjYbZepb91RkuwdenGUoS9m9j9oE9HBVoXOmZBp3lBkrgbZKS+OgVsdsJ4GlehOdmeyqJtW4sALQm0SKYFBNpdCq6NJ8tRsylQGgtUozLs0YozKoUqwiW/NyNH0ek+9zD2WMWvIgLii8zXeA5MVgYz4/cvwcew172Xgomjb70PbqIMqvn3uxRKqSeLSH+WS3JEpha7EkpKUzoaEfPaPlLjP8IukOD2zFRxg5X1h44MiOAR23f0vHkQ4y7VHD+2H4E3jt83vs7ekcKx65o7MPcuNfD2qyMrkBP+BrCmULSjT9whDPCR+KBloxIxY1EHRNmzKzhkeU9IvAfgHGfH6fzoDhyqh1pVVe4yoD07C9V3YLnpF0/tjdstuEfj3/i4/hwRUHSM4tIRWTU7SUiyo6I3N4mWrTK7rO3LZRmxBZGEI13jBqRFNdIM+/9XkYI23FtV0DOOICorSzp1Qu5cy402Jp5RDqzAaTRdaAXNRf+vYeB6Q6evyoPpMrvWRmmdyLvjWaGOUuLK6Wc5r8fH8NZVMXvbBTM8UJhtFnDj/ZWCnM8V1zV3bm+m66RgYK1WXlrugPShiMcgEbHr+JbSH9oKGBJgo5wZolo8nuUcFHHFOIKDec0VnEfLu2Cn4eXQ7lHemTOnQ5KjOJ8D2eHvIc70imvD5HfLWFNB8P3cPhROFPZzqi9dCZIDSJy3+mcR+MLaYYZhiwYnF+XvXSHnz2yo3RcwqHRM7L4ezw7VQKqh9K85ss1aamr8f4ZM8uwpA73SSMRO3AymBe3JycnznnH6BykOKKZkLxkivme9gPdejr/UWn/wOFlUEDat+cYhc8+H2Kaw/k+pGE/T6ayM1ApWvtUvNBKdimDZf2feA2UUt7MM1tx7gX7mk+DobUNkPXwfvHsLe4M9XHcc9/L2F2RwgAGo8weRhUz4H48sjyN8nTcp+IHfY+u2y1rKj/SWaqD8kKXn8Qr8pAih5GmMCuQz6uySWSWsdzr4IPnNNEzrTIkDa5SYu48OvMzQ312jI4qM5+YezvhSQdOaeCzj34+W/Men+fvMqDeF8S7pM8GMBNQ7VfRq2e0nY5HhD4dY1mew6xgsVnm/BrO1LN5c311xqc7XH5eNX3u2V1EePCeT9wT4ynxkunFiWMsXVTnJVLfR5YrwgVwZwVm/mFfQxQ/KB9VhpGZ/hCCugwaTfjZiv8nbe2CC8SB5C2sBw8fmaEQMv3A59ZeFQ6PwRqkuTk/8hbT3qvz1d625As105mv1XH4k63Os6e6F5ZIQMgnPKNbOE/vbR/4Mt5jvp+1imblcK/zJp+YDuFZAqDWwMABn8ZoQK3xeshbyL6L/yRNK1qofCyNotyZo4vTg1nhB8hL9IFPZnY07rOee+44+V46tvE58tjkW1iCKs/QkKr+7JCRZ9hmXJXMLhMfqtkNeKeqzFk0up4hzA0uAw88fa8sg+O8yii2wtn4YDhDfGYuFZX3Peco2FUSTI1D2GJ4Tv8tWr7Hna4lRmouo9w+08w8y6LLSNqejkAI2cZ5jNt2y+xMNBDrLTHQayuZQtuABwvd1QBruecD4cHydY/u/BqRgGeBd0+umWcKge9W42aZPYEtnRPGMoGzs3s5x7gesWdfI42tLZjxwvEZp8/0b+q0nJ+q0k6rVrt75sW5vnpi8b6dsyassgaPOKRjj/cKP3sWca/3o/abnw88VA3Iu0zPic5BG+8B8uznsfycX+2CLRzqR3nMoLv+rM08ieKx0jDlg17B4Fea9vVqrz6b86v2wFp/93e3Wce2atyzf1db0dhnf6/e/SM48N2+23f7vH07NHy3v6W1YJxOF4CdFSCnd1OYGttXLwZluF6N1T/5nmOmZ/wL5pMK/F+ZJxVQVAx85pAwvCcXJRn0i11FcDl7JO+N6chd2XixcgAASmmoKVtTwIAL8CqIKdOrjRGKh0CFwivAqMlLpmo3WKbEdQ/5Uk7Oa1j9zr/zWStGgn1cbAeyNmSoYyalkQq41T/FonIA0X1WeM/ZHACkgmOY32L+mv6PbRbiyIofvYypbsihghGpLKER4x5CIuGQkYVmuc+1hxV9fxIkpKyG7kzu0KAYkfrZYdh0hwmPwjcDrnb1ucxHxURwT8jLPoQwPCi6UGMz3TcoPCMccgLX8l05d5pCXoUJ3TPCSKOAGJXpRs5SHKlzw6geQCqD6Xyy2x4RxGNkYdYmjnkqTmtfLLNxx2iUvHc33DF6gkqszTy1uqb7nB2HLHAKVlH4QA/DQU5wgJPSAtJvNzB6enimCuRYezih0FjsxrwGVZmpOwPnx8wIVPYwTSg99ql4ZmTSj+0t3/t5/ExBuAUe0fCjYxk8Av5qns0kBWFDOhucI1YqcimNPfCsJGnqsNFxbqahWUqi39Fx4GIXvPd7ZgOBnAaOwR1whY38PjmutYCFKmqp4PhgndLO9Os+yrVd3DAajjIf/R5p7cezR2WiOkW5QlnxtedZm5ViF9sj20DhMPGQ72yyV54qvyJNqHTeWp3NTYzQ3D9NS6y0nPV9OzSDSAs8eBODraTnf8GfVPkHuUNBZUsb7tfxPI+KkI4jy6bonArXzyU2BpploS2COytmFKF59Njbdgs8aEkfqKx55tjAMVQp+bbd8Pv2Wy61Jb2piKWKnkdG/WV/PnCeY10HeYnbdsXP42eWPFElrdO4C962W9ITzyZTRoqPfk/j/Ub6n3ge9Xpxx0dkaEDQkG49yiy8eUkocW7xe+5I+ns/7ifjSOIEnTNsEcGEopl1/qXsCLYsjUI4dfS8I6hgZwYa9vHR77gflY2C46mSmA4R3HvSOTe8uAHg0nYxfGxhIHM4pFNlGJuYUSL3JfCOvIvesyP/2k6OAHymjERFNwuXLeuT8+5LvEFl7mK2H8P67ALAbNRetXK4dMOJ832XUBQf6bg083u5HrMoeYBMmQsxxG/WcGu3LIug3EMZ+2WvMBpQSOsP9HT8MSdujjlW5ZrY50Avon30Ogu800kj53URt3fb8F/772hmmS0nr74Jjgqf+aywz4eURqJy3sydp3p3+D0mvol3/x44O/BzwfM6MgrdnMicPztlk7Nxvss2GUn0jtd3nr2vJSVO88m73dseZ51Q24Ln4/6yjzr3fYn3KsMU/BxPlGaRt6Ehb+bNXslmuu7hfn/y3Grd87Or80UnQEOrzDNP4K5vOlfQMqNQyUT+LWlcOZ0XD9F78c8DD7kw3syy4yyj+/5X9jK9o+Y1zLg5Z78iDsfBRwUkqDGmnfdAaLBZm74qxx3e5+TDKUw3Om2in2SauhunIdXoJzwy+x/wxgQjuB/GzCSW2Yt6UmOAR5x7qDjFc0S5uJlFpjTekRPMrWiMgo6ZGa7tmg7PdEACQiY0REabgBMzDXCgpIFC18PIXNkJEDyUYYvMnOmsgjJAUzZie0W7EgcC3za4cw6dMkAaZtoXDYo9957PXaK8nUbVUm6ue2dNi853JuXRMcMV8Y6R2Mxctbpz648qQ5kfJd625FsGXtpqPD5ncMfddJiadAfubKPONb3OlTrdCQwYgMN9Jv0a8MzIK1rybWzpikYcCjxJx4t4PzNzyv23gt0aTzCMuWrs+8THybmtMRBn0PWSLA+W3+aA4hQz4ILyL6Xz0nFrNcVj9Hyj9tkdky/CnxfdwdDLGU9nXkY/1ztjCxyrZ9f8bt31TjeIO1z/apzlZ7Hf3Bc6XDzjP17d22O/VneUtAbLbMG6/tQF92cj5wvDu+lUavOOnJ0iEz7gvXoEbousPez/8+C4kZfx/1b/dX/5Xo7v0ZlyxSd/pc1jzN+96vPMJf372opnWzUN6nvVvgLJv2P1M+/6Fb73u3237/avad8ODf+L21cUCKvPnn3+qlF45O96AXztol9fHL/y7jPh7dmanj4fzCBTkb1aujJXz8bV8c1KSXWJ9N+WCudz39XXeb57pMfLaCE7vwuMykxYeeW3iGhczt/KYK9RKPxuboewdJnmbBDMvG1RW9KFPURkySKltDDzhjP+kdFWQ7BCp6M895lOUj2kNVpgC0NC6BhSaFaBhoJ7MvYhf6XBQ2GT0VjjpoyKmvisU0GznYyfHed1c62Dkb+7kHofDNA15igwWWbmSKykkmXAH/5nFO6BcmChU0QZ9P3JAz2Z/BaCa8Z4ijMBFahVe9biTJQyqXcqUUTYFyFtFyN5zb8UhFGQIdP1DwIf90vgxDV6PWo3kgMYjMxbRN1QyUL8ovNAR6XOvtol6q1WqmyzMAxp1F7An7uikQeKOxq17pHMW8KSeAHUmW2RySCVX/3IveWeqVKFijizUixQOaX0h5Fxb2GMqXIXrF3NbBX+6aXtuNgF/zx+Jl7sEVX8IRHYOYTVuXfHKz/PnlabTlhMLRsnxRAKTo/odWcIV5owg0Blh3ikk8Cl7Zm2nZkDqBAZnF+MChYX2D1rhCjDCAGpMeu1dJEOQrqfhOk9at57DdGq/c1+r5HeXtNlO90KgwiY5QJ5bzXzcjNmFoaqI5VgGZHYwtEsDXKllHg/3tOZhEY9RkrwvF3bJTJMaOaYnnullGxWYrsyelKEWZVPubVrGnjLAQeDkZOpge+xl2XgqRIAQEUhE98evYyhRYM8EweV3MTjog0+v3O0KfJOUTxg/8zacBKMB0UVjSdF10hPZqWdjjP/bca7fuQWOP87zwOQZ7ZSl0sKWOmTe8ASKR2eaYVOUy0inJjpoDIHjcrsQREUtIUR5MkjUntvwMUuaYxk5iU6HGxo+H3/3bMb4MisUMxucT/uDr9WeM1ISc6PadvvuA/OMm/tFopOL/tAxx2Ho2cgoAPZrGx1PK904+T16PCiSkfetw/JdrC1LRX/cVtkxqNDjCF89tIqov2j35O2Kk1Spd61XR2/6WDSSTctjSG8v9SRg3wia33DVFmI5BO83x4Zv5Br9fUV3j9LJ6rzxUQbHI88w0jy0IYhe5LB8Nv2uzsOhNNJ0eKzEZ1jzv/O/PrAu0vK8oRHUvOz4nuLiFIa3R+TE5c71zjN+9nfwzHAHSbpgMwp03Fb95c8BxW5bvwPHsE69B7Ps2ejgYn8itJqphJ+pghu1vBj+xF3xcdQ9x3ynsnf2jiO3pXu5NJzbK5P6fY8HxqG7kfBteh1wW5OKb1qz74nPtCIeWtvYBrkZ+2VPEje6WoXNNswOjBa0l11dvA1tTIEoeQ6ylDj/NdCq8JHHyHvlphs4UgCgOVGnp5ZFD+t/eknejb093LArTO8wrcZhspv8Q7V5541ngfA+YK97ck7U45S2VMdBz6OD2QeoZ7mc5iMHjdYOE0qTUHJWbFuL810nLPxTAbTGY4+P/L55+hyOiwCfcgWwXvu2T5yLVy/OqjqHZd3RuKqP8UMQLAw5AOYsxqQj1J6xHuRzvnjeisTAsenswYduOiUj8hu0C3k84necxxAs2a5bOdZJq444I6fm+hGgHLW1c+cR3ykcwJibVyX806XkIPGzC25DiCzEuoJS37Z6g1DZLrsdU4oEyoPyk5M5N2EtTy3R5aRS9vBUhfqOJjnccBlhK6kTvPVLvW+6ppQjojblDGJMBjvXTnFRhZlpmk+8hCcMe8x4begWcqbpzy1cIyoNcxzGOHI8bZW+hszjPuD4k85B9J2x+HimQg3jriFzu7ZPTrQ1TSujs6aM8xXN90KjuoIsWozbdA15/uBn8pbGCK4ph9g1pxRWhlpQGUOqVMyr0KfP6/3vEYTenNP5+Gxr6K1vAuYrZQZzcZxVU9S/HFxVnMWtNEJru4S1beSD/iMNxnudWnnM3be43H8RSAWZZbp5wzTiSYt2mr9cwncOQvMas35u9D44sdrrM94vnM737mrv3V86iX02dX7z9Yyw/yrTQMuPpvnH21f7e+z52bnsfm9v3ref2XTOSr+6r/f7bt9t399+3Zo+G6fthOTE7/9ah+mv1sxtF9p/4qLQufxRy5mZbiePvMFpkv70kaBkoqHp5d9Mp3jd0z3C9CQgJO3qCo8urx3iVTmz2qX0tmCaq5xves11jNlxOBcaGikcVvnuLWGLeYzsMwm9k1RoLBpFMosHHh08ubpQzsjes9CdQvFMZXsY7RHKWVv7QrWIeN3jA4/MfUSSbJqLaOD+rAnnn76sYQrs1x4XVemNG+phKChg9HHqz1No0LA6+iPxB81spTSylPyUemcbgvRZaXSY5rwS8K/40gD0jOFAeGlivNru+Bq16XQSsWQw2OO1BAlxqDI8bmEdmdQoM3nKYWswClGgDFCn7rQgAJcceDjUeFFI/MDD1wIj8wUEoKXGHz2tleEq2MCqPQb6p3G28NZtFKON4lSY2pSKkJo/Bmdb3ooESv9fxnvXbHL6HU1UPH9LdLM8lwwC8DRyyDR4BkLvN+WDgBUBH5Eal+lBeo8wPmwhEkzw+/bb0FHIhLZgZXT67E/lygJocrHWnulUTdUVIVHiJajQ7OKitK6uIwwyfM7Kbj87Ddc7ZJp6RmlO5wD655205TG98BTRluV40fvtRoaN3bbcW0XvLVbwujRj1Q6IujV0Y806hZNoHE6osLDKSrQf3C60QwEqkjkPXFI5CK770GjeC5VyUlHk4EqWEWf6/3V4bg7K2QZMUkHFRgjfR9ynkivHKZazoG4zrHpJMO9Hdd8Vo4xnTni/BP+BIDSIT3/vBuYZ6fD6cC1XXDPKOlRIVP3X537vD/pjCAOUl3mqX8DnmHh1q4DbWD6bCpbf9t/oMHyfPLuefQHPvpHGjFpJH8/3rN/4gDXrHCj8XW3DT9aZUvJW0fu+Uon7mfQz8EDLDn0fvg8aNRoaGUcCt6I0Zj86XJ3Ugmf847zdWkX3PsdP/t7niHC/NauSTdUcTusXfDjqbLKxjf8+YjWD6e+R3+kUwb5RD9TW+17PHfgSNymIZLtiD19a7fYz0MiQePOifnQUKt3lJlGaBO2lvfMJYyCni470sNKphTir/ff8tzwHCjMUqk5wczgkbTXcHQaDOh0zMjzhaSffKboXp2pt/aWZ4135eB4BXfm+H37LXgli/t/4h1i3waeNvg13iO8H9XRE7HOe7+7YWMyQmxh7NYa6ANNAHk05+VIg8jD1s2nd84A1qFvfpfOVf0sGzQ4j/bb9lvsg9Org46nOYTJHF634sdm3saz22iZpJMM1Frww+p8Np5H5fn0XZt+W88NSYOYEegq5c443pyKeF5f3QqILCLFp63SAadDm9Aa8pFd7imYO1nVap+3WnHhb+6RacRrz5Toj8iKoc157y3/rnM+4SbWcq9Cnmej3pmcb2SedJI94XBQUPah/Al/MjuBvPuI+4w8l86v+Lm6+3lXPrvTdW1JW03qeisedvYlPIZmvaPeQngeygmcmMl4lAE4Bzo2kl7omvgZS1ylo65VCRzdozmbmc6hyd1BWsOzy3I3JzlrllFl7uQ/yJt1IHlIdUTVMki+PsLXR/HSBOXwp3STY9JYnOukURntJLMmDIQOc59T9o4dcedlhPN1yB5W/TDi3udd2Wg4L8I2W6H34EgzEbSz84JSuJUuK/jmR3+UrBn3PYMUNGOBwTLT3tEfoIOvOzw6X1hroDHXG425sxOY4jpQOJhnXe4GOm2NpYZw0jM+o8H8l3c+qfIymGagASOPV9tyPv8s2+M8XEtZhMbukht78qI69+RTrHQK1CnN85ypfUkIAbZpzkVXZyej8bmi5oVH8xyLVpxpXwwPlnXTxqwUDPDYW2WomXVBlvDi/EuHOfNps2y4Ws9svO9CQQDhhYI+7bZlGQPy4bXEleG/gqSS75JzN9JZ4YvtPLfqc7mk07r1PAzv/2L77B3d6y4/RV/oYFbrmX83VMkV4vTetsy8pvf/rFsZ+ANUINEDx8A//5G1f+Xd17Jcvf81zvfXxp8/n2X8PzvuV9tAZ6Z5vaK9wAK/X/T7P6X9J8z73z3+d/tuf0f7dmj4br/U/hxpni6oidn61Xn8mUZB6Ry5sngWkwHASoj6rBTCnPrxszYIyREtfe/nKE5V3qTBVn4ADOm1OxXKIdw/m82l7dhapF3sx0mJqvPQqKh53StYVD84CWr6/MwAecrHmoMyyZq1gI3GbEajMfpZ9/rRH5XCTJh9zUpBxYILZRgE5XnWHd3rHFt59BNX1IPaYPiRacvXrQQvORsi4KyEs2tEUh8iMFBYLgEAaPDIGBqBVflG6KsYV+nxa+VMOXtrNzDDAiPlCCcqeem0YDAxop6zLzDySfd5runun4WhLvFehBuUF/rWKBBVFBLxQmHin1ft3M1KKTLusAPQszn0SHvnRtDCFxq1VbHgI/lZchF5sx0sveFPMGKilwOCGX7ffndjXSqj/HtGls7nJOmDKL0ID1cIVvTJFgo9La+QikILZOmjoTpXY1F3M/COa2IkoYXikPUhDQ133FPhuEdNSkYg0XjGPWadWNZAzQjuXsqpVBCZ4dZuuLaLZHT4qDSvAiUa0nytrgTaZQ/4zHv/GKIAWioVJ0V1KFWJdzRQMl3lI/Z4F/xidDrPQjqZND8/22QIyLk6EoQ2cVQAqBGMJQP4/aM/8BaZGKiU5HyZ0tON/XSa2nFrN5o1ASBLoLz3j6T5u+2ZVn7lbAe4wtYzW8xlMkbFj8HQzQ0vW/NTRGO/0s1dMk4wvfhHOITMSgzSB73sBmWHYdjPDqSzWNHcmEPO1eHPfSLcZoWKKnO47575oyXuqxp/pfh03iSifKycIRyvczb5rIE8TQt8qDtojupi8/utVYS/Lxm/bT8AoOpe9yNxHQaPuMMWuNvRsIXBlfcOU+27QUAdI7vAPHFB1uH03h0hru2Cj/4And+2uHMMnmmB/JvCiqUmNmz45/HPdFKAVdreHNPcYNDRT/SUEXWZPpwRm9ZjHwrvfNwdP7a3jOhVh0eW7pp5RM4/lXaS2UfxEnBa+rbdooxEwwHgjns+lWmy4Q4ExMn34wP3KFPC+Xtd7XE+nonF6TGNQW44CCcjVEYr3mOcl6bzp1GPmTnY1KnQ4pkNTJ884ibPrWGMAKysUVMkG+r87S3oTX+kEVKV3H5XjVmLyuDUBufCa7vgmg55D8ytBc9ztUs4+MUYgW9cmTsnsbybZ/T4rf1I3gngfXeX7DuG1vwcE95qhAIw0D0gr+wBx/bmJT8+cE9eaLzPi/7UXJvwMkWPNrSky2VQLNrF1Nq37Rbvdfzz+Jk80tHLOUTnSHlGZRh+Rxqid0Hy8OHM0Q2D80AaeM3nQ+5iMHKI7HlpVeaLvCqNRDP/Puw/JMWwjXcPjYBcTRldRrrHdzz7BJJvJq4e/cjsMxpBT36dNBlT/8Pf8f1qHTqPES7BBnJxOe84L7alM+aMl3m/mzvHoZfjYe65sVzB8wyHX5HNx2ZFI6Y7uVZxzuCR8hT3EOUc5v87027+OxjzbdzrWfYt+YT3j0X/E/yjl4zMFsOl0kD+5N2V+LMV3tkoGwFl/OV4iVfp6MS9bmLYPTeVrRWL1ucMOTZ5fH5youd5fjX6uO5qxP2SJQ+Cl+tCd4c5h/DQbENrW+5RCwfEB+55n5HuMeuUBjCQdNHJLLk4dWARepE8K1yu3No28Ji8a5lFjjAhPazp193LxswlDuMaTx2cEG8pL53wZWYkkYm1dMHMh1iMk44ZxCmhyxr0oe3oD9+jPjpl6N1zTHSMcFDH3GYWGbLcaeLWbgDOGRTU8WbFZz5rA+8vcFvpKUca0tDE2Dr3k/2hJ3/B0ibEIZZEzOcmmpPjCq1lKSn/HOksNK8p37OiP3QcnTOD8B2zcazzWmo+q0e0XB77HHmVkb9IuugMwhCYQpwlHtatVGN3lEOXy0LbmQ7J2HpGxx713PHfEccBd2a4Rika6jHqjrR09lzp60xkeNIiwjpzkcZ8V467/DnLUvXfen48Z/o5eZy5Hx1rHvfZfax7dJ6vw3yc1Xkc/ks9He82oLKcwmqeLC9noHNg3eHZX/y9cmb4Ck14ttZVe8YjPDuTz/pWe8PqndX7n+3NPL+/u9UZWbcTffjFvfkje/lH9//f2VY85f/EdXy37/avaN8ODf/L2p8lfn/04lgZ9tnT6pp9lf5w6HdinL88J1GSKdO3GmOliH763fS9fjesDWfl42r8QcEm7ygzr/3TGIqch6SL7s8ZX7YtvIOP3sfoRNBgW/NaMSDzZ7/KRK1gtkUmBSo2lK2fvcADCGl0Yi32FZapkYUiy1g3OQQ7VOrxV+u5455zWjqCmJWhJMo/LAWA2LezkB4K43bNdNt8xuva35fzU2GkhxGHRmCNZEw8i7PRJNJK09xd7YrrxjSSd5kLFSjlhb61UvrmXFMgaalQnCMQ+b3BlfKPSBn86PfBoM89yTNnFNb3yG5gmdad52JOO8e6kqz3rWllZ4UcvIuMenPl3JE6+oL/mbopPdvblrDX1NecA0XMckCKdP5U4g/CuP97bdc0mPQZ6lZ1ZVPMtIpqciWLG6dYM7UMgBgE3xaGWZ4IEwUwjUMA0qBfSjaX42/tlopD1mV3GnWmIYOyzEY8dQP3FjXLmUniwM/Hz4ShOw8FHZMIN9JgRuEOEWuiWAQcn6/tilu7ZuYH7qfJO1VqpYmyKqJ9rKWjBhVKGVEUe3nbrrhYlWgg8LWsxax88MjqKy7tirftTYywHmVNpwLfj0fSJ1cAWSrFHpFW06PYvV66919G9Xu/p1OFOjOlonSgya5c3Zsb/DIFv0QSeSagK2CV3pMnpk+0IO968ydoMFJY8BnPfNKXCj7uWypKuxtzZyVis5aZYEz63qzh4/jIcbifFZVkUAxuoFEOkQVjS5rxaTMMCuMPxb35/jaLsba8fxRXVKlVP0gaf8hZb7aFA9IDrrCzNPZxfw7wTlUFYPxtRYd5Jp4qaHMmjFrfce/3dFRguZBmLUtapOKY+9i9LA3p18UuuLYLHuh47++ONx2JfwkHnql+5DppxKSJ+5AyHFzDA2dHzmYNb9sNH8dH3mWlpC1+6aSMDJrGUioGw1x+hoZzj/L3MhQHnXnEseDe79l3RkgHj8C7hmUK9OwYPCPXtV3xcZTzUSm0i1cuWlnnqAVt04hxA0tp0BhUymbi0JhiF4MxhTtQeDka8xT2yl+xzBAziqSSU3n2KHvBrB1e9kmclFDPuwNoGZeVz3WF84Gf/R1Az4wL/p6fx0rLfyRf7Y47tyyPBFhFrwZs6GwzpjXXUmc9xykHxpG3MZDOHWnwGyLcMPIPpB9mFlk1euIlcj8JA+V0SqJ4224AnFYxOxjXwLWuDE21P9O8bJ3yW2FQ7/RRzknZcMoiZ4aLFc1nVLHywj1ozhjxPNIrNVSQt2ZKb3c24jsY3tffaZic5ViLdauzGiDl2qychEZ579yUl5hlP11PPU/8bkLhixceMt3k+H2AHfue6X6N13Nv5+/mOZ0dJkY4jbDtbujuo0y62jeTvsmzEuaEgxqpdGZ06FEY5106yX5Ks3jv8N463YiGMDZznoEXvRyAaz48I75j6YzEO2zSn2g5PZ0b6ewsj+rNnud2ctbSJxK2sQ+ktSo7Dv2LDkabyhHMutR73ZXP8HwAo40GSZdLaw51P/v3j14OfOye9IvyCR2W/dxaOVFAaJAhneLp+GMh122CG0UN6xzzcwYG8H7svnkpH3FA4lsTmHNzWIaPTiDEh8rQ6fO9ROavLWQpIPQivXbFS1iVs3W5ePTkLwiTgrfPhze2Zpkhr38+n1waM05hmKs6X/AMUTJWJ4q9bSl//EqbaTPnOstpZ94b07prnaSdIy/eIwvZBdQt8cnP5kw8ZvPzGLQ6aNfKmM/ys8nvtUvy104DDHri0+HgtNS6m7kny3mqbCznX793eJzhprCuO47BANNc5L5/BqNpYkAfx6SDwVI+me54WDmSPEQ24cBcj/KkdGhiRsvsS/pX/fgRZ2+gL8IfUc60J7Af4POkjTfXDL/z/atzfjbOM4eGUd/Nc2VJz/R+d1j4ub6j9LYMsEgctih5HDAn36q0ru7SEQfr/v46vFbPEoeewaXG+7V+nzol/Wo/v/D86v2/6p35bP+ntD8Lo7+z/U+Z53f7bv/O9u3Q8L+s/dWE8SuXwqtLenXB0QMc/bnwWgKHDca2U18UgDB6e4/Pf41hmBn0WVFTPdWaNW0WIyJTYbEQoL4yD50zm0dKq4LdBRTON42czs0V83faP1cy3PEI4ZxCY7VXjO0890EIxRkH9LuTwgOWiuaPSLU9Rm1oquBRSGFEhf9OA1IpBVh3G0/WUvPbsp/Vfs9/U9TX55UhpbHpmL5b9ZNKNxiuGyMS/Lt7ROq2hbAxRzYlnCn8hTLkMfTTwphee7AZBbFK8ZlGin7giLIANb7Dl+JLliQASzJYKdV7GWIMc+TxaOR4TEYxVXjpswgZhmOyr4yujPWrkYRR/TQ2Mupxy5SkdGYQo0Koaby0ABUSEukrSlLWxfa1tFTgMfuK4exgARRePvodgMO0ygpU5LWehUd/RGTRNsBKcYCpramQphGQZ4/KJjoBqaISxjN5BVOR34+7w7x5ivjf998jJftHwvliF/zsP+MMF679PN4zAqOjYwsD4kyPB1rWK8LEI4Ysaix7Roefxztgvse7KCBd8VBrODozJZQzC7/bBX/yDBlwP8b0yrd2xW27nspTaCSBR6pX6ujRaIdM2a/G1op8Jz0tdaeeC94xt6izzn4eUXfVzHDbbu5QgDs++ge89vqWUWGu2EIaR++dBtyeZ/8S2RiI/0BlEqETFddcUd2BKxFR/t4/0EmTg+Q187Ik/l7tE1DRRrMyaUvnjOeKv10c+GbFvpnhZtcyHqNH+uEtnVII5AcesXdFe67tiktkA2nW0lnqrd0ymrtbnRzPeuGGzjscf6q0C4da3/eqanqmGKSTRd68ZpnZZG7El7d2gwUtgMyVsOa5rSw6UUqplxMe71MTgyfHaKgyEGbIO4U4zjtLzwrAjB6uWL9LlhUCKxINx3pHZR4dxDy7g2eQuPc7PsLI7451RzpKcN3FiTmvwbXw7GZUqDzH73XNsB5OQCZ9llJSFfC6F5zPcL+JErMUohv2tmXpDtK7nI9k6UpDCbx4z8DppvFx5E8sHKEe3el5syrXknwTzy2YEtb34SNpfcGL+0NnBovf07kWFVEKQyrQAWBDpV9WhyE6HrCMgWB17EHhLhXgapDVM6n819ZaZkF4BL7AEBlg7sm7qLHzxLeRfjErDNz5lDwVHVgPHMmrq6OaZrDh/JXy8wwpHQDI6yi9mRwPzR2E1Elvxafv4QDawZIHvEdGp182lV+Kby9DyfvxEfRl5CdXhgPKZnukb9bz+ZmBh2vcW5TSmAwAAJbOccx4w/US92e5TGUKfT9/t7PMQn5S26hQF/hbOQQMNCN+eAe7kePAJTJODP3L2VyNN851Muas8Hghc8/ZxEyeHzJVLGCkuLOH4yr3lrjzSuZ1+qQZlUY5qZ5xvcGcWl+fS/rOZ4RPGOYan4+wqqYOmBx/a5Sf1vd1rpXygVWGGj2RynNvaUxFPtv7MWRGUKgg4dSzZvhqP31dGO//+G/D2VDGPZjXNcvsxBPfisJ1UrN5v57rd5BGQ+IL+d4q3zBTknGfdX7q7FHP1Wx4DwGeUYCf8XyTz/I1tmFtFnSNDgO1K5EdT4xtzGJVzmW113UWAkJWzhEESu8VgLMFb04+TVO5U2Y6An6E+bVd06ku0CVx/IEH7scddB/TvW0ha9F5QOGupTk6SsfAPubSAn6+CrdbyHKEP50kyXc4nhAfjixzw9JmdZcXTjKYoTIYjPquVbkv8mIqX2sWz+VdwHWnfFSZhpiF75mGaQ8nVJ7RVXmdM120Wk/SMJu/HoOXEveO5EOvERRTpfra0EWoX2u/MNKx4bl+XqGBjqM9YTvDTWl/OpnZuGbiR9HAotNzFohyLCAQznMiveO4WeoDttzjcjaQfTS4Djcec96unIdODhZWAQxjT4Hf0enwrs3BVeMaqIPiegwnFiDX8RwD19pPfS/v1SfPzWdo9QwDKDhf0nF91+R557UfSYdqTnUPlnxTMDrRrTwerXQC3N8Jz77S5vP42drZPoPP3GcsEZqxRb/76lzp1P0rbU1zXj+/+v1/cntOe3+9j195/lU/X8Gz7/bd/re3b4eG75bt77qQlJFdfm/jRa5zOzMUpYRZEX1lBlbfj0xVRZf+ylqAMV2wjjL3vTI2K9P41QtMBQRf+6jMayjhiCAzAKwbrww9hSmOmZHXVumSdS3z2j/7DIYlTGdmuViAgumlXYY6rRrVUcwyBejR69+zFjxKyBvWHZGyCxzTPapIjFKO722dQpozZ9S5er2rYEnBRQVsXYvilBnQzYVf7sXPMGpsGT04KdYmxbEK7/yhQYSZGBiVTyWLwccdoyLOMObiKErA4IHwVvtpaFELsaXSgH08+gP3/nB8DoWdsoM01GoJAO7LNQy5Q1167j0OoCONh5VNoPpU5wSYpiT3flT55coljaRzQ4imr86yDjQyirB6DNCnQ0YYS21U9hT9o2qysjckpEN5xgnr2SkjRxm5WuCEKtuZBvWtvcHM8HG4AXGImrOKjOU545GlsQdWKRjNGOFfRvWP456OM1SofETKVkOlWHZ4RfpTMXbqZ3OEU4eXiHjv7+FY8ChaahW5HFAQ/Glp+GWd2EwriyoxMdM','uploads\\10011.png','window.location.href = \'/create_event_img\'');
/*!40000 ALTER TABLE `events` ENABLE KEYS */;
UNLOCK TABLES;

--
-- Table structure for table `onetime`
--

DROP TABLE IF EXISTS `onetime`;
/*!40101 SET @saved_cs_client     = @@character_set_client */;
/*!50503 SET character_set_client = utf8mb4 */;
CREATE TABLE `onetime` (
  `Event_ID` int(11) NOT NULL,
  `Start_Time` time DEFAULT NULL,
  `End_Time` time DEFAULT NULL,
  `Venue` varchar(255) DEFAULT NULL,
  PRIMARY KEY (`Event_ID`),
  KEY `EventID_OneTime` (`Event_ID`),
  CONSTRAINT `EventID_OneTime` FOREIGN KEY (`Event_ID`) REFERENCES `events` (`Event_ID`)
) ENGINE=InnoDB DEFAULT CHARSET=utf8 COLLATE=utf8_general_ci;
/*!40101 SET character_set_client = @saved_cs_client */;

--
-- Dumping data for table `onetime`
--

LOCK TABLES `onetime` WRITE;
/*!40000 ALTER TABLE `onetime` DISABLE KEYS */;
INSERT INTO `onetime` VALUES (10001,'09:00:00','16:00:00',NULL),(10006,'10:00:00','17:00:00',NULL),(10007,'11:30:00','18:30:00',NULL),(10009,'09:30:00','16:30:00',NULL),(10011,'14:00:00','16:00:00',NULL);
/*!40000 ALTER TABLE `onetime` ENABLE KEYS */;
UNLOCK TABLES;

--
-- Table structure for table `regisdetails`
--

DROP TABLE IF EXISTS `regisdetails`;
/*!40101 SET @saved_cs_client     = @@character_set_client */;
/*!50503 SET character_set_client = utf8mb4 */;
CREATE TABLE `regisdetails` (
  `User_ID` int(11) NOT NULL,
  `Event_ID` int(11) NOT NULL,
  `QR_Code` longtext DEFAULT NULL,
  PRIMARY KEY (`User_ID`,`Event_ID`),
  KEY `EventID_RegisDetails_idx` (`Event_ID`),
  KEY `UserID_RegisDetails` (`User_ID`),
  CONSTRAINT `EventID_RegisDetails` FOREIGN KEY (`Event_ID`) REFERENCES `events` (`Event_ID`),
  CONSTRAINT `UserID_RegisDetails` FOREIGN KEY (`User_ID`) REFERENCES `accounts` (`User_ID`)
) ENGINE=InnoDB DEFAULT CHARSET=utf8 COLLATE=utf8_general_ci;
/*!40101 SET character_set_client = @saved_cs_client */;

--
-- Dumping data for table `regisdetails`
--

LOCK TABLES `regisdetails` WRITE;
/*!40000 ALTER TABLE `regisdetails` DISABLE KEYS */;
/*!40000 ALTER TABLE `regisdetails` ENABLE KEYS */;
UNLOCK TABLES;

--
-- Table structure for table `registration`
--

DROP TABLE IF EXISTS `registration`;
/*!40101 SET @saved_cs_client     = @@character_set_client */;
/*!50503 SET character_set_client = utf8mb4 */;
CREATE TABLE `registration` (
  `Registration_ID` int(11) NOT NULL,
  `Name` varchar(45) NOT NULL,
  `Course` varchar(255) NOT NULL,
  `Role` varchar(45) DEFAULT NULL,
  `Organization` varchar(255) DEFAULT NULL,
  `Org_Position` varchar(255) DEFAULT NULL,
  `User_ID` int(11) DEFAULT NULL,
  PRIMARY KEY (`Registration_ID`),
  KEY `UserID_Registration` (`User_ID`),
  CONSTRAINT `UserID_Regis` FOREIGN KEY (`User_ID`) REFERENCES `accounts` (`User_ID`)
) ENGINE=InnoDB DEFAULT CHARSET=utf8 COLLATE=utf8_general_ci;
/*!40101 SET character_set_client = @saved_cs_client */;

--
-- Dumping data for table `registration`
--

LOCK TABLES `registration` WRITE;
/*!40000 ALTER TABLE `registration` DISABLE KEYS */;
/*!40000 ALTER TABLE `registration` ENABLE KEYS */;
UNLOCK TABLES;

--
-- Table structure for table `series`
--

DROP TABLE IF EXISTS `series`;
/*!40101 SET @saved_cs_client     = @@character_set_client */;
/*!50503 SET character_set_client = utf8mb4 */;
CREATE TABLE `series` (
  `Event_ID` int(11) NOT NULL,
  `Series_Num` int(11) NOT NULL,
  `Start_Time` time DEFAULT NULL,
  `End_Time` time DEFAULT NULL,
  `Venue` varchar(255) DEFAULT NULL,
  PRIMARY KEY (`Event_ID`,`Series_Num`),
  KEY `EventID_Series` (`Event_ID`),
  CONSTRAINT `Event_ID` FOREIGN KEY (`Event_ID`) REFERENCES `events` (`Event_ID`)
) ENGINE=InnoDB DEFAULT CHARSET=utf8 COLLATE=utf8_general_ci;
/*!40101 SET character_set_client = @saved_cs_client */;

--
-- Dumping data for table `series`
--

LOCK TABLES `series` WRITE;
/*!40000 ALTER TABLE `series` DISABLE KEYS */;
INSERT INTO `series` VALUES (10003,1,'10:00:00','12:00:00',NULL),(10003,2,'13:00:00','14:00:00',NULL),(10003,3,'15:00:00','16:00:00',NULL),(10004,1,'09:30:00','11:30:00',NULL),(10004,2,'12:30:00','14:30:00',NULL),(10008,1,'10:00:00','12:00:00',NULL),(10008,2,'13:30:00','15:30:00',NULL),(10008,3,'16:30:00','18:30:00',NULL);
/*!40000 ALTER TABLE `series` ENABLE KEYS */;
UNLOCK TABLES;
/*!40103 SET TIME_ZONE=@OLD_TIME_ZONE */;

/*!40101 SET SQL_MODE=@OLD_SQL_MODE */;
/*!40014 SET FOREIGN_KEY_CHECKS=@OLD_FOREIGN_KEY_CHECKS */;
/*!40014 SET UNIQUE_CHECKS=@OLD_UNIQUE_CHECKS */;
/*!40101 SET CHARACTER_SET_CLIENT=@OLD_CHARACTER_SET_CLIENT */;
/*!40101 SET CHARACTER_SET_RESULTS=@OLD_CHARACTER_SET_RESULTS */;
/*!40101 SET COLLATION_CONNECTION=@OLD_COLLATION_CONNECTION */;
/*!40111 SET SQL_NOTES=@OLD_SQL_NOTES */;

-- Dump completed on 2024-01-08  9:05:25
